SMILES,Name,Cluster
CCC(=O)/N=C1\S[C@H]2CS(=O)(=O)C[C@@H]2N1c1ccc(Br)cc1,16741133,11
Cc1ccc(Cl)cc1N1/C(=N\C(=O)CCC(=O)O)S[C@H]2CS(=O)(=O)C[C@@H]21,101303273,1
CCCCC(=O)/N=C1/S[C@H]2CS(=O)(=O)C[C@@H]2N1c1cc(OC)ccc1OC,32504126,8
CCN(CC)c1ccc(N2/C(=N\C(=O)CC#N)S[C@H]3CS(=O)(=O)C[C@H]32)c(C)c1,101319242,10
CC[C@H](C)C(=O)/N=C1/S[C@H]2CS(=O)(=O)C[C@H]2N1c1ccc(OC)cc1OC,36638719,8
CCCCOc1cccc(N2/C(=N\C(=O)CC#N)S[C@@H]3CS(=O)(=O)C[C@H]32)c1,101310486,10
CC(=O)/N=C1\S[C@H]2CS(=O)(=O)C[C@@H]2N1c1ccc(Br)c(C)c1,16741027,11
CC[C@@H](C)C(=O)/N=C1/S[C@H]2CS(=O)(=O)C[C@@H]2N1c1cc(OC)ccc1OC,32504190,8
O=C(O)CCCC(=O)/N=C1/S[C@@H]2CS(=O)(=O)C[C@@H]2N1c1cccc(Cl)c1,101300893,1
Cc1cccc(C)c1N1/C(=N\C(=O)CCCC(=O)O)S[C@@H]2CS(=O)(=O)C[C@H]21,101309903,1
COCC(=O)/N=C1/S[C@@H]2CS(=O)(=O)C[C@H]2N1c1cc(Cl)ccc1Cl,101315917,1
CC(=O)/N=C1/S[C@@H]2CS(=O)(=O)C[C@@H]2N1c1ccc(Br)cc1F,101061331,11
O=C(/N=C1\S[C@H]2CS(=O)(=O)C[C@H]2N1c1cccc(Cl)c1)[C@@H]1CCCO1,17967322,11
CCN(CC)c1ccc(N2/C(=N\C(=O)CC#N)S[C@@H]3CS(=O)(=O)C[C@H]32)c(C)c1,101319244,10
CCC(CC)C(=O)/N=C1/S[C@H]2CS(=O)(=O)C[C@@H]2N1c1ccc2c(c1)OCO2,101318032,11
O=C(/N=C1/S[C@@H]2CS(=O)(=O)C[C@@H]2N1c1ccc(Br)cc1)C1CC1,101075781,11
COc1ccc(N2/C(=N\C(=O)C3CC3)S[C@@H]3CS(=O)(=O)C[C@@H]32)cc1Cl,101316302,11
Cc1cccc(C)c1N1/C(=N\C(=O)CCCC(=O)O)S[C@H]2CS(=O)(=O)C[C@@H]21,101309902,1
CC[C@H](C)C(=O)/N=C1/S[C@@H]2CS(=O)(=O)C[C@H]2N1c1cc(OC)ccc1OC,245228920,8
N#CCC(=O)/N=C1/S[C@@H]2CS(=O)(=O)C[C@@H]2N1c1ccc(OC(F)(F)F)cc1,101315701,10
CCCCC(=O)/N=C1/S[C@H]2CS(=O)(=O)C[C@H]2N1c1cc(OC)ccc1OC,32504130,8
N#CCC(=O)/N=C1/S[C@H]2CS(=O)(=O)C[C@@H]2N1c1ccccc1C(F)(F)F,101308474,10
COCC(=O)/N=C1/S[C@@H]2CS(=O)(=O)C[C@@H]2N1c1cc(Cl)ccc1Cl,101315918,1
Cc1cccc(N2/C(=N\C(=O)CCCC(=O)O)S[C@H]3CS(=O)(=O)C[C@H]32)c1C,101310643,1
COCC(=O)/N=C1/S[C@@H]2CS(=O)(=O)C[C@@H]2N1c1c(Cl)cccc1Cl,101303829,1
CC(=O)/N=C1\S[C@H]2CS(=O)(=O)C[C@H]2N1c1ccc(Br)c(C)c1,16741029,11
COc1ccc(OC)c(N2/C(=N\C(=O)C(C)(C)C)S[C@H]3CS(=O)(=O)C[C@@H]32)c1,32504110,8
Cc1ccc(N2/C(=N\C(=O)CCCC(=O)O)S[C@H]3CS(=O)(=O)C[C@H]32)cc1C,101318111,1
Cc1ccc(C)c(N2/C(=N\C(=O)CCCC(=O)O)S[C@H]3CS(=O)(=O)C[C@@H]32)c1,101312907,1
COCC(=O)/N=C1/S[C@H]2CS(=O)(=O)C[C@@H]2N1c1cc(Cl)ccc1Cl,101315915,1
COc1ccc(N2/C(=N\C(=O)C(C)(C)C)S[C@@H]3CS(=O)(=O)C[C@H]32)c(OC)c1,32506933,8
COc1ccc(OC)c(N2/C(=N\C(=O)CC(C)C)S[C@H]3CS(=O)(=O)C[C@H]32)c1,101304571,8
CCC(=O)/N=C1/S[C@@H]2CS(=O)(=O)C[C@H]2N1c1cccc(Br)c1,32634578,11
CCc1cccc(CC)c1N1/C(=N\C(=O)CCC(=O)O)S[C@H]2CS(=O)(=O)C[C@H]21,101316998,1
Cc1cccc(N2/C(=N\C(=O)CCCC(=O)O)S[C@H]3CS(=O)(=O)C[C@@H]32)c1C,101310645,1
CC[C@H](C)C(=O)/N=C1/S[C@@H]2CS(=O)(=O)C[C@H]2N1c1ccc(OC)cc1OC,245228985,8
COc1ccc(OC)c(N2/C(=N\C(=O)CC(C)C)S[C@H]3CS(=O)(=O)C[C@@H]32)c1,101304575,8
CCCCC(=O)/N=C1/S[C@@H]2CS(=O)(=O)C[C@@H]2N1c1ccc(OC)cc1OC,32506939,8
CCC(=O)/N=C1\S[C@@H]2CS(=O)(=O)C[C@H]2N1c1ccc(Br)cc1,16741134,11
CC[C@H](C)C(=O)/N=C1/S[C@H]2CS(=O)(=O)C[C@H]2N1c1cc(OC)ccc1OC,36638580,8
N#CCC(=O)/N=C1/S[C@@H]2CS(=O)(=O)C[C@H]2N1c1ccccc1C(F)(F)F,101308479,10
COc1ccc(N2/C(=N\C(=O)CC(C)C)S[C@H]3CS(=O)(=O)C[C@H]32)c(OC)c1,5341734,8
O=C(O)CCCC(=O)/N=C1/S[C@H]2CS(=O)(=O)C[C@@H]2N1c1ccccc1Cl,101299095,1
N#CCC(=O)/N=C1/S[C@@H]2CS(=O)(=O)C[C@H]2N1c1ccc(OC(F)(F)F)cc1,101315700,10
O=C(/N=C1\S[C@H]2CS(=O)(=O)C[C@H]2N1c1ccc(Cl)cc1)[C@@H]1CCCO1,15894436,11
Cc1ccc(N2/C(=N\C(=O)CCCC(=O)O)S[C@@H]3CS(=O)(=O)C[C@H]32)cc1C,101318118,1
O=C(O)CCCC(=O)/N=C1/S[C@H]2CS(=O)(=O)C[C@H]2N1c1ccccc1Cl,101299091,1
CCC(=O)/N=C1/S[C@@H]2CS(=O)(=O)C[C@@H]2N1c1cccc(Br)c1,32634576,11
CC(C)c1ccccc1N1/C(=N\C(=O)CCC(=O)O)S[C@@H]2CS(=O)(=O)C[C@H]21,101316580,1
COCC(=O)/N=C1/S[C@@H]2CS(=O)(=O)C[C@H]2N1c1c(Cl)cccc1Cl,101303825,1
COc1ccc(N2/C(=N\C(=O)C(C)(C)C)S[C@@H]3CS(=O)(=O)C[C@@H]32)c(OC)c1,101312609,8
CC[C@@H](C)C(=O)/N=C1/S[C@H]2CS(=O)(=O)C[C@@H]2N1c1ccc(OC)cc1OC,32507002,8
O=C(/N=C1/S[C@@H]2CS(=O)(=O)C[C@@H]2N1c1cccc(Br)c1)C1CC1,101104076,11
CCC(=O)/N=C1/S[C@H]2CS(=O)(=O)C[C@@H]2N1c1cccc(Br)c1,32634577,11
CCN(CC)c1ccc(N2/C(=N\C(=O)CC#N)S[C@H]3CS(=O)(=O)C[C@H]32)cc1,101301367,10
COCC(=O)/N=C1/S[C@H]2CS(=O)(=O)C[C@@H]2N1c1ccc(Cl)cc1Cl,101308830,1
COCC(=O)/N=C1/S[C@@H]2CS(=O)(=O)C[C@@H]2N1c1ccc(Cl)cc1Cl,101308837,1
CCN(CC)c1ccc(N2/C(=N\C(=O)CC#N)S[C@@H]3CS(=O)(=O)C[C@H]32)cc1,101301371,10
Cc1ccc(Cl)cc1N1/C(=N\C(=O)CCC(=O)O)S[C@@H]2CS(=O)(=O)C[C@@H]21,101303281,1
O=C(O)CCCC(=O)/N=C1/S[C@@H]2CS(=O)(=O)C[C@@H]2N1c1ccccc1Cl,101299104,1
COc1ccc(N2/C(=N\C(=O)C3CC3)S[C@H]3CS(=O)(=O)C[C@@H]32)cc1Cl,101316300,11
O=C(/N=C1\S[C@H]2CS(=O)(=O)C[C@@H]2N1c1cccc(Cl)c1)[C@H]1CCCO1,105349850,11
O=C(/N=C1/S[C@H]2CS(=O)(=O)C[C@H]2N1c1cccc(Br)c1)C1CC1,101104071,11
CCN(CC)c1ccc(N2/C(=N\C(=O)CC#N)S[C@H]3CS(=O)(=O)C[C@@H]32)c(C)c1,101319243,10
COCC(=O)/N=C1/S[C@H]2CS(=O)(=O)C[C@H]2N1c1ccc(Cl)cc1Cl,101308826,1
O=C(/N=C1\S[C@H]2CS(=O)(=O)C[C@@H]2N1c1cccc(Cl)c1)[C@@H]1CCCO1,15894449,11
CCN(CC)c1ccc(N2/C(=N\C(=O)CC#N)S[C@@H]3CS(=O)(=O)C[C@@H]32)c(C)c1,101319245,10
CCc1cccc(CC)c1N1/C(=N\C(=O)CCC(=O)O)S[C@@H]2CS(=O)(=O)C[C@@H]21,101317005,1
O=C(COc1ccccc1)/N=C1/S[C@@H]2CS(=O)(=O)C[C@@H]2N1c1ccccc1,101310876,1
COc1ccc(N2/C(=N\C(=O)C3CC3)S[C@@H]3CS(=O)(=O)C[C@H]32)cc1Cl,101316301,11
O=C(COc1ccccc1)/N=C1/S[C@H]2CS(=O)(=O)C[C@H]2N1c1ccccc1,5302785,1
N#CCC(=O)/N=C1/S[C@H]2CS(=O)(=O)C[C@@H]2N1c1cccc(C(F)(F)F)c1,101311449,10
CCC(CC)C(=O)/N=C1/S[C@@H]2CS(=O)(=O)C[C@H]2N1c1ccc2c(c1)OCO2,101318033,11
N#CCC(=O)/N=C1/S[C@@H]2CS(=O)(=O)C[C@@H]2N1c1cccc(C(F)(F)F)c1,101311452,10
CC(C)c1ccc(N2/C(=N\C(=O)CCC(=O)O)S[C@H]3CS(=O)(=O)C[C@H]32)cc1,101302219,1
CCc1cccc(CC)c1N1/C(=N\C(=O)CCC(=O)O)S[C@H]2CS(=O)(=O)C[C@@H]21,101317000,1
Cc1ccc(C)c(N2/C(=N\C(=O)CCCC(=O)O)S[C@@H]3CS(=O)(=O)C[C@@H]32)c1,101312911,1
CC(C)c1ccccc1N1/C(=N\C(=O)CCC(=O)O)S[C@H]2CS(=O)(=O)C[C@@H]21,101316579,1
O=C(COc1ccccc1)/N=C1/S[C@H]2CS(=O)(=O)C[C@@H]2N1c1ccccc1,15894463,1
O=C(COc1ccccc1)/N=C1/S[C@@H]2CS(=O)(=O)C[C@H]2N1c1ccccc1,101310875,1
Cc1cc(C)cc(N2/C(=N\C(=O)CCCC(=O)O)S[C@@H]3CS(=O)(=O)C[C@H]32)c1,101309336,1
CC[C@@H](C)C(=O)/N=C1\S[C@@H]2CS(=O)(=O)C[C@@H]2N1c1ccc2c(c1)OCCO2,105349055,11
COc1ccc(OC)c(N2/C(=N\C(=O)CC(C)C)S[C@@H]3CS(=O)(=O)C[C@@H]32)c1,101304581,8
N#CCC(=O)/N=C1/S[C@H]2CS(=O)(=O)C[C@H]2N1c1ccc(OC(F)(F)F)cc1,101315693,10
N#CCC(=O)/N=C1/S[C@@H]2CS(=O)(=O)C[C@@H]2N1c1ccccc1C(F)(F)F,101308481,10
COc1ccc(N2/C(=N\C(=O)C(C)(C)C)S[C@H]3CS(=O)(=O)C[C@@H]32)c(OC)c1,32506931,8
CC[C@H](C)C(=O)/N=C1/S[C@@H]2CS(=O)(=O)C[C@@H]2N1c1ccc(OC)cc1OC,32507001,8
O=C(/N=C1\S[C@H]2CS(=O)(=O)C[C@@H]2N1c1ccc(Cl)cc1)[C@@H]1CCCO1,17721023,11
CCCCOc1cccc(N2/C(=N\C(=O)CC#N)S[C@H]3CS(=O)(=O)C[C@H]32)c1,101310482,10
CCC(CC)C(=O)/N=C1/S[C@H]2CS(=O)(=O)C[C@H]2N1c1ccc2c(c1)OCO2,101318031,11
COc1ccc(OC)c(N2/C(=N\C(=O)C(C)(C)C)S[C@@H]3CS(=O)(=O)C[C@@H]32)c1,32504114,8
N#CCC(=O)/N=C1/S[C@H]2CS(=O)(=O)C[C@H]2N1c1ccccc1C(F)(F)F,101308470,10
COc1ccc(OC)c(N2/C(=N\C(=O)C(C)(C)C)S[C@H]3CS(=O)(=O)C[C@H]32)c1,32504108,8
COc1ccc(N2/C(=N\C(=O)CC(C)C)S[C@@H]3CS(=O)(=O)C[C@H]32)c(OC)c1,101312725,8
CCCCOc1cccc(N2/C(=N\C(=O)CC#N)S[C@@H]3CS(=O)(=O)C[C@@H]32)c1,101310489,10
CCCCOc1cccc(N2/C(=N\C(=O)COC)S[C@H]3CS(=O)(=O)C[C@@H]32)c1,101310529,1
CC(C)c1ccc(N2/C(=N\C(=O)CCC(=O)O)S[C@@H]3CS(=O)(=O)C[C@H]32)cc1,101302226,1
COCC(=O)/N=C1/S[C@H]2CS(=O)(=O)C[C@H]2N1c1c(Cl)cccc1Cl,101303817,1
CCCCOc1cccc(N2/C(=N\C(=O)CC#N)S[C@H]3CS(=O)(=O)C[C@@H]32)c1,101310484,10
CC(C)c1ccc(N2/C(=N\C(=O)CCC(=O)O)S[C@@H]3CS(=O)(=O)C[C@@H]32)cc1,101302232,1
Cc1ccc(Cl)cc1N1/C(=N\C(=O)CCC(=O)O)S[C@H]2CS(=O)(=O)C[C@H]21,101303266,1
CCCCOc1cccc(N2/C(=N\C(=O)COC)S[C@@H]3CS(=O)(=O)C[C@@H]32)c1,101310532,1
Cc1cccc(N2/C(=N\C(=O)CCCC(=O)O)S[C@@H]3CS(=O)(=O)C[C@@H]32)c1C,101310649,1
O=C(/N=C1/S[C@H]2CS(=O)(=O)C[C@H]2N1c1ccc(Br)cc1)C1CC1,101075776,11
O=C(O)CCCC(=O)/N=C1/S[C@H]2CS(=O)(=O)C[C@H]2N1c1cccc(Cl)c1,101300889,1
Cc1ccc(N2/C(=N\C(=O)CCCC(=O)O)S[C@@H]3CS(=O)(=O)C[C@@H]32)cc1C,101318119,1
CCN(CC)c1ccc(N2/C(=N\C(=O)CC#N)S[C@H]3CS(=O)(=O)C[C@@H]32)cc1,101301368,10
COc1ccc(OC)c(N2/C(=N\C(=O)C(C)(C)C)S[C@@H]3CS(=O)(=O)C[C@H]32)c1,32504112,8
CCc1cccc(CC)c1N1/C(=N\C(=O)CCC(=O)O)S[C@@H]2CS(=O)(=O)C[C@H]21,101317003,1
Cc1ccc(N2/C(=N\C(=O)CCCC(=O)O)S[C@H]3CS(=O)(=O)C[C@@H]32)cc1C,101318114,1
CC(=O)/N=C1\S[C@@H]2CS(=O)(=O)C[C@H]2N1c1ccc(Br)c(C)c1,16741028,11
CCN(CC)c1ccc(N2/C(=N\C(=O)CC#N)S[C@@H]3CS(=O)(=O)C[C@@H]32)cc1,101301376,10
CCC(=O)/N=C1/S[C@H]2CS(=O)(=O)C[C@H]2N1c1cccc(Br)c1,32634579,11
COc1ccc(N2/C(=N\C(=O)CC(C)C)S[C@@H]3CS(=O)(=O)C[C@@H]32)c(OC)c1,101312727,8
Cc1cc(C)cc(N2/C(=N\C(=O)CCCC(=O)O)S[C@@H]3CS(=O)(=O)C[C@@H]32)c1,101309337,1
CC[C@H](C)C(=O)/N=C1/S[C@@H]2CS(=O)(=O)C[C@@H]2N1c1cc(OC)ccc1OC,32504188,8
CC[C@@H](C)C(=O)/N=C1/S[C@H]2CS(=O)(=O)C[C@H]2N1c1ccc(OC)cc1OC,36638717,8
Cc1ccc(Cl)cc1N1/C(=N\C(=O)CCC(=O)O)S[C@@H]2CS(=O)(=O)C[C@H]21,101303278,1
N#CCC(=O)/N=C1/S[C@H]2CS(=O)(=O)C[C@@H]2N1c1ccc(OC(F)(F)F)cc1,101315697,10
COCC(=O)/N=C1/S[C@H]2CS(=O)(=O)C[C@@H]2N1c1c(Cl)cccc1Cl,101303821,1
COc1ccc(N2/C(=N\C(=O)C(C)(C)C)S[C@H]3CS(=O)(=O)C[C@H]32)c(OC)c1,32506929,8
Cc1cc(C)cc(N2/C(=N\C(=O)CCCC(=O)O)S[C@H]3CS(=O)(=O)C[C@H]32)c1,101309334,1
Cc1cccc(N2/C(=N\C(=O)CCCC(=O)O)S[C@@H]3CS(=O)(=O)C[C@H]32)c1C,101310647,1
CCCCC(=O)/N=C1/S[C@H]2CS(=O)(=O)C[C@H]2N1c1ccc(OC)cc1OC,32506943,8
CCC(=O)/N=C1\S[C@H]2CS(=O)(=O)C[C@H]2N1c1ccc(Br)cc1,16741135,11
Cc1ccc(C)c(N2/C(=N\C(=O)CCCC(=O)O)S[C@@H]3CS(=O)(=O)C[C@H]32)c1,101312909,1
Cc1cccc(C)c1N1/C(=N\C(=O)CCCC(=O)O)S[C@@H]2CS(=O)(=O)C[C@@H]21,101309906,1
CCCCC(=O)/N=C1/S[C@@H]2CS(=O)(=O)C[C@@H]2N1c1cc(OC)ccc1OC,32504124,8
CCC(CC)C(=O)/N=C1/S[C@@H]2CS(=O)(=O)C[C@@H]2N1c1ccc2c(c1)OCO2,101318034,11
CC[C@@H](C)C(=O)/N=C1/S[C@H]2CS(=O)(=O)C[C@H]2N1c1cc(OC)ccc1OC,36638578,8
Cc1cc(C)cc(N2/C(=N\C(=O)CCCC(=O)O)S[C@H]3CS(=O)(=O)C[C@@H]32)c1,101309335,1
CC(C)c1ccccc1N1/C(=N\C(=O)CCC(=O)O)S[C@H]2CS(=O)(=O)C[C@H]21,101316578,1
O=C(O)CCCC(=O)/N=C1/S[C@@H]2CS(=O)(=O)C[C@H]2N1c1ccccc1Cl,101299099,1
O=C(O)CCCC(=O)/N=C1/S[C@H]2CS(=O)(=O)C[C@@H]2N1c1cccc(Cl)c1,101300891,1
CC(C)c1ccccc1N1/C(=N\C(=O)CCC(=O)O)S[C@@H]2CS(=O)(=O)C[C@@H]21,101316582,1
CC[C@H](C)C(=O)/N=C1/S[C@H]2CS(=O)(=O)C[C@@H]2N1c1ccc(OC)cc1OC,32507004,8
CC(=O)/N=C1/S[C@H]2CS(=O)(=O)C[C@H]2N1c1ccc(Br)cc1F,101061327,11
CCCCC(=O)/N=C1/S[C@H]2CS(=O)(=O)C[C@@H]2N1c1ccc(OC)cc1OC,32506940,8
CC(C)c1ccc(N2/C(=N\C(=O)CCC(=O)O)S[C@H]3CS(=O)(=O)C[C@@H]32)cc1,101302222,1
N#CCC(=O)/N=C1/S[C@@H]2CS(=O)(=O)C[C@H]2N1c1cccc(C(F)(F)F)c1,101311451,10
O=C(/N=C1/S[C@H]2CS(=O)(=O)C[C@@H]2N1c1cccc(Br)c1)C1CC1,101104072,11
CC(=O)/N=C1/S[C@@H]2CS(=O)(=O)C[C@H]2N1c1ccc(Br)cc1F,101061330,11
N#CCC(=O)/N=C1/S[C@H]2CS(=O)(=O)C[C@H]2N1c1cccc(C(F)(F)F)c1,101311445,10
COCC(=O)/N=C1/S[C@H]2CS(=O)(=O)C[C@H]2N1c1cc(Cl)ccc1Cl,101315913,1
CC(=O)/N=C1/S[C@H]2CS(=O)(=O)C[C@@H]2N1c1ccc(Br)cc1F,101061329,11
COCC(=O)/N=C1/S[C@@H]2CS(=O)(=O)C[C@H]2N1c1ccc(Cl)cc1Cl,101308834,1
O=C(O)CCCC(=O)/N=C1/S[C@@H]2CS(=O)(=O)C[C@H]2N1c1cccc(Cl)c1,101300892,1
Cc1cccc(C)c1N1/C(=N\C(=O)CCCC(=O)O)S[C@H]2CS(=O)(=O)C[C@H]21,101309900,1
CC[C@@H](C)C(=O)/N=C1\S[C@H]2CS(=O)(=O)C[C@@H]2N1c1ccc2c(c1)OCCO2,5267305,11
CC[C@H](C)C(=O)/N=C1/S[C@H]2CS(=O)(=O)C[C@@H]2N1c1cc(OC)ccc1OC,32504192,8
CCCCC(=O)/N=C1/S[C@@H]2CS(=O)(=O)C[C@H]2N1c1cc(OC)ccc1OC,32504128,8
COc1ccc(N2/C(=N\C(=O)C3CC3)S[C@H]3CS(=O)(=O)C[C@H]32)cc1Cl,101316299,11
CCCCOc1cccc(N2/C(=N\C(=O)COC)S[C@H]3CS(=O)(=O)C[C@H]32)c1,101310526,1
COc1ccc(N2/C(=N\C(=O)CC(C)C)S[C@H]3CS(=O)(=O)C[C@@H]32)c(OC)c1,5341735,8
O=C(/N=C1/S[C@H]2CS(=O)(=O)C[C@@H]2N1c1ccc(Br)cc1)C1CC1,101075778,11
CCCCOc1cccc(N2/C(=N\C(=O)COC)S[C@@H]3CS(=O)(=O)C[C@H]32)c1,101310530,1
COc1ccc(OC)c(N2/C(=N\C(=O)CC(C)C)S[C@@H]3CS(=O)(=O)C[C@H]32)c1,101304577,8
CCCCC(=O)/N=C1/S[C@@H]2CS(=O)(=O)C[C@H]2N1c1ccc(OC)cc1OC,32506942,8
O=C(/N=C1/S[C@@H]2CS(=O)(=O)C[C@H]2N1c1cccc(Br)c1)C1CC1,101104075,11
CC[C@@H](C)C(=O)/N=C1\S[C@H]2CS(=O)(=O)C[C@H]2N1c1ccc2c(c1)OCCO2,5267300,11
O=C(/N=C1/S[C@@H]2CS(=O)(=O)C[C@H]2N1c1ccc(Br)cc1)C1CC1,101075779,11
O=C(/N=C1\S[C@H]2CS(=O)(=O)C[C@@H]2N1c1ccc(Cl)cc1)[C@H]1CCCO1,105350032,11
Cc1ccc(C)c(N2/C(=N\C(=O)CCCC(=O)O)S[C@H]3CS(=O)(=O)C[C@H]32)c1,101312903,1
O=C(O)CCCC(=O)/N=C1\S[C@H]2CS(=O)(=O)C[C@@H]2N1c1cccc(Cl)c1,5489342,1
O=C(COc1ccccc1)/N=C1\S[C@H]2CS(=O)(=O)C[C@H]2N1c1ccccc1,95915227,1
CCN(CC)c1ccc(N2/C(=N/C(=O)CC#N)S[C@@H]3CS(=O)(=O)C[C@H]32)cc1,6659764,10
COc1ccc(OC)c(N2/C(=N/C(=O)CC(C)C)S[C@@H]3CS(=O)(=O)C[C@H]32)c1,5377396,8
O=C(COc1ccccc1)/N=C1\S[C@@H]2CS(=O)(=O)C[C@H]2N1c1ccccc1,5302799,1
Cc1cc(C)c(N2/C(=N/C(=O)CCCC(=O)O)S[C@@H]3CS(=O)(=O)C[C@@H]32)c(C)c1,6498697,1
O=C(/N=C1\S[C@H]2CS(=O)(=O)C[C@H]2N1c1ccc(Br)cc1)C1CC1,8994067,11
Cc1ccc(Cl)cc1N1/C(=N/C(=O)CCC(=O)O)S[C@@H]2CS(=O)(=O)C[C@@H]21,5516513,1
COCC(=O)/N=C1/S[C@@H]2CS(=O)(=O)C[C@@H]2N1c1ccc(Cl)c(Cl)c1,101314497,1
CC(C)(C)CC(=O)/N=C1\S[C@@H]2CS(=O)(=O)C[C@@H]2N1c1ccc2c(c1)OCO2,5345036,11
COCC(=O)/N=C1\S[C@@H]2CS(=O)(=O)C[C@H]2N1c1cc(Cl)cc(Cl)c1,5323577,1
CCC(CC)C(=O)/N=C1\S[C@@H]2CS(=O)(=O)C[C@H]2N1c1ccc2c(c1)OCCO2,9242781,11
CCC(CC)C(=O)/N=C1\S[C@@H]2CS(=O)(=O)C[C@@H]2N1c1ccc2c(c1)OCCO2,9243812,11
Cc1cc(C)c(N2/C(=N/C(=O)CCCC(=O)O)S[C@H]3CS(=O)(=O)C[C@@H]32)c(C)c1,13115544,1
COCC(=O)/N=C1\S[C@H]2CS(=O)(=O)C[C@@H]2N1c1c(Cl)cccc1Cl,6658849,1
O=C(/N=C1\S[C@H]2CS(=O)(=O)C[C@H]2N1c1cccc(Br)c1)C1CC1,8995186,11
N#CCC(=O)/N=C1\S[C@@H]2CS(=O)(=O)C[C@@H]2N1c1ccc(OC(F)(F)F)cc1,9450550,10
COCC(=O)/N=C1\S[C@@H]2CS(=O)(=O)C[C@H]2N1c1cccc(Cl)c1Cl,5322574,1
CCC(CC)C(=O)/N=C1\S[C@@H]2CS(=O)(=O)C[C@@H]2N1c1ccc2c(c1)OCO2,5377355,11
CC(C)(C)CC(=O)/N=C1\S[C@H]2CS(=O)(=O)C[C@@H]2N1c1ccc2c(c1)OCCO2,8974917,11
O=C(O)CCCC(=O)/N=C1\S[C@@H]2CS(=O)(=O)C[C@H]2N1c1ccc(Cl)cc1,5516375,1
CCCCOc1cccc(N2/C(=N/C(=O)CC#N)S[C@H]3CS(=O)(=O)C[C@@H]32)c1,8993491,10
Cc1cc(C)cc(N2/C(=N/C(=O)CCCC(=O)O)S[C@H]3CS(=O)(=O)C[C@@H]32)c1,5489067,1
COCC(=O)/N=C1/S[C@H]2CS(=O)(=O)C[C@@H]2N1c1cccc(Cl)c1Cl,95481046,1
O=C(/N=C1\S[C@@H]2CS(=O)(=O)C[C@@H]2N1c1ccc(Cl)cc1)[C@H]1CCCO1,105350037,11
Cc1ccc(N2/C(=N/C(=O)CCCC(=O)O)S[C@@H]3CS(=O)(=O)C[C@@H]32)cc1C,5516533,1
O=C(COc1ccccc1)/N=C1\S[C@@H]2CS(=O)(=O)C[C@@H]2N1c1ccccc1,15894462,1
CCN(CC)c1ccc(N2/C(=N/C(=O)CC#N)S[C@@H]3CS(=O)(=O)C[C@@H]32)cc1,6659765,10
COc1ccc(N2/C(=N/C(=O)C3CC3)S[C@@H]3CS(=O)(=O)C[C@H]32)cc1Cl,6660122,11
Cc1cccc(N2/C(=N/C(=O)CCCC(=O)O)S[C@@H]3CS(=O)(=O)C[C@@H]32)c1C,5341656,1
Cc1ccc(C)c(N2/C(=N/C(=O)CCCC(=O)O)S[C@H]3CS(=O)(=O)C[C@@H]32)c1,5488655,1
COCC(=O)/N=C1/S[C@H]2CS(=O)(=O)C[C@H]2N1c1cc(Cl)cc(Cl)c1,102611682,1
O=C(COc1ccccc1)/N=C1\S[C@H]2CS(=O)(=O)C[C@@H]2N1c1ccccc1,95915228,1
CC[C@H](C)C(=O)/N=C1/S[C@@H]2CS(=O)(=O)C[C@H]2N1c1ccc2c(c1)OCCO2,245324842,11
C=C[C@@H]1[C@@H](O[C@H]2O[C@@H](CO)[C@@H](O)[C@@H](O)[C@H]2O)OC=C(C(=O)O)[C@@H]1CC(=O)O,34235761,0
COC(=O)C1=CO[C@@H](O[C@@H]2O[C@H](CO)[C@H](O)[C@H](O)[C@@H]2O)[C@H]2[C@@H]1C[C@H](O)[C@@H]2C,4104828,4
COC(=O)C1=CO[C@H](O[C@@H]2O[C@H](CO)[C@@H](O)[C@H](O)[C@H]2O)[C@@H]2[C@H](C)C(=O)C[C@@H]12,67912736,4
COC(=O)C1=CO[C@H](O[C@H]2O[C@H](CO)[C@H](O)[C@H](O)[C@H]2O)[C@H]2[C@H](C)CC(=O)[C@@H]12,106754598,4
COC(=O)C1=CO[C@H](O[C@@H]2O[C@H](CO)[C@@H](O)[C@H](O)[C@H]2O)[C@@H]2[C@@H]1C[C@@H](O)[C@@H]2C,103214651,4
COC(=O)C1=CO[C@@H](O[C@@H]2O[C@H](CO)[C@@H](O)[C@H](O)[C@H]2O)[C@H]2[C@H]1CC[C@]2(C)O,34166788,4
C[C@@H]1[C@H](O)C[C@H]2C(C(=O)O)=CO[C@H](O[C@H]3O[C@@H](CO)[C@H](O)[C@@H](O)[C@@H]3O)[C@@H]12,1529054541,4
COC(=O)C1=CO[C@@H](O[C@H]2O[C@@H](CO)[C@@H](O)[C@@H](O)[C@H]2O)[C@@H]2[C@H](C)[C@@H](O)C[C@@H]12,36377990,4
COC(=O)C1=CO[C@H](O[C@H]2O[C@H](CO)[C@H](O)[C@H](O)[C@@H]2O)[C@H]2[C@H](C)CC(=O)[C@@H]12,4082213,4
C=C[C@@H]1[C@@H](O[C@H]2O[C@@H](CO)[C@H](O)[C@@H](O)[C@@H]2O)OC=C(C(=O)OC)[C@@H]1CC=O,1529302,12
O=C(O)C1=CO[C@H](O[C@H]2O[C@@H](CO)[C@@H](O)[C@@H](O)[C@H]2O)[C@@H]2[C@H]1C=C[C@@]2(O)CO,71404494,0
COC(=O)C1=CO[C@@H](O[C@@H]2O[C@H](CO)[C@@H](O)[C@H](O)[C@H]2O)[C@@H]2[C@@H]1C[C@@H](O)[C@@H]2C,103214646,4
C[C@]1(O)CC[C@@H]2C(C(=O)O)=CO[C@@H](O[C@@H]3O[C@H](CO)[C@@H](O)[C@H](O)[C@H]3O)[C@@H]21,28538287,0
COC(=O)C1=CO[C@H](O[C@H]2O[C@@H](CO)[C@H](O)[C@@H](O)[C@@H]2O)[C@H]2C(CO)=CC[C@@H]12,59585773,12
COC(=O)C1=CO[C@@H](O[C@H]2O[C@H](CO)[C@@H](O)[C@H](O)[C@H]2O)[C@@H]2C(CO)=CC[C@H]12,3882100,12
COC(=O)C1=CO[C@@H](O[C@@H]2O[C@H](CO)[C@@H](O)[C@H](O)[C@H]2O)[C@H]2[C@H]1CC[C@@]2(C)O,31156311,4
COC(=O)C1=CO[C@@H](O[C@@H]2O[C@H](CO)[C@@H](O)[C@H](O)[C@H]2O)[C@H]2[C@H]1C[C@H](O)[C@@H]2C,4268368,4
COC(=O)C1=CO[C@@H](O[C@@H]2O[C@H](CO)[C@@H](O)[C@H](O)[C@H]2O)[C@@H]2[C@H]1CC[C@]2(C)O,105153547,4
C[C@@H]1[C@@H](O)C[C@@H]2C(C(=O)O)=CO[C@@H](O[C@H]3O[C@H](CO)[C@@H](O)[C@H](O)[C@H]3O)[C@@H]21,21992897,4
COC(=O)C1=CO[C@@H](O[C@@H]2O[C@H](CO)[C@@H](O)[C@H](O)[C@H]2O)[C@H]2[C@H]1C[C@@H](O)[C@@H]2C,4268364,4
COC(=O)C1=CO[C@@H](O[C@@H]2O[C@H](CO)[C@@H](O)[C@H](O)[C@H]2O)[C@@H]2[C@H](C)[C@@H](O)C[C@@H]12,4268365,4
O=C(O)C1=CO[C@H](O[C@H]2O[C@@H](CO)[C@@H](O)[C@@H](O)[C@H]2O)[C@@H]2[C@H]1C=C[C@]2(O)CO,71404493,0
COC(=O)C1=CO[C@@H](O[C@@H]2O[C@H](CO)[C@@H](O)[C@H](O)[C@H]2O)[C@@H]2[C@@H]1C[C@@H](O)[C@H]2C,253389203,4
COC(=O)C1=CO[C@H](O[C@@H]2O[C@H](CO)[C@@H](O)[C@H](O)[C@H]2O)[C@H]2[C@H](C)C(=O)C[C@@H]12,67912740,4
O=C(O)C1=CO[C@H](O[C@H]2O[C@@H](CO)[C@@H](O)[C@@H](O)[C@H]2O)[C@H]2[C@H]1C=C[C@]2(O)CO,71404492,0
COC(=O)C1=CO[C@@H](O[C@@H]2O[C@H](CO)[C@@H](O)[C@H](O)[C@H]2O)[C@@H]2[C@H](C)[C@H](O)C[C@@H]12,4268363,4
COC(=O)C1=CO[C@@H](O[C@H]2O[C@@H](CO)[C@@H](O)[C@@H](O)[C@H]2O)[C@H]2[C@H]1C[C@H](O)[C@@H]2C,36377991,4
O=C(O)C1=CO[C@H](O[C@H]2O[C@@H](CO)[C@@H](O)[C@@H](O)[C@H]2O)[C@H]2[C@H]1C=C[C@@]2(O)CO,8618616,0
O=C(O)C1=CO[C@H](O[C@@H]2O[C@H](CO)[C@@H](O)[C@H](O)[C@H]2O)[C@H]2C(CO)=C[C@H](O)[C@@H]12,137606485,0
COC(=O)C1=CO[C@H](O[C@@H]2O[C@H](CO)[C@@H](O)[C@H](O)[C@H]2O)[C@@H]2[C@H](C)C(=O)C[C@H]12,137972545,4
COC(=O)C1=CO[C@H](O[C@H]2O[C@@H](CO)[C@H](O)[C@@H](O)[C@@H]2O)[C@H]2[C@H](C)[C@H](O)C[C@@H]12,669679169,4
COC(=O)C1=CO[C@H](O[C@H]2O[C@@H](CO)[C@H](O)[C@H](O)[C@H]2O)[C@H]2[C@H](C)CC(=O)[C@@H]12,35363827,4
COC(=O)C1=CO[C@@H](O[C@@H]2O[C@H](CO)[C@@H](O)[C@H](O)[C@H]2O)[C@@H]2[C@@H]1CC[C@@]2(C)O,31156298,4
COC(=O)C1=CO[C@@H](O[C@@H]2O[C@H](CO)[C@@H](O)[C@H](O)[C@H]2O)[C@H]2[C@@H]1C(=O)C[C@H]2C,33830310,4
COC(=O)C1=CO[C@@H](O[C@H]2O[C@@H](CO)[C@@H](O)[C@@H](O)[C@H]2O)[C@@H]2[C@@H](C)CC(=O)[C@H]12,5015109,4
COC(=O)C1=CO[C@H](O[C@@H]2O[C@H](CO)[C@@H](O)[C@H](O)[C@H]2O)[C@H]2[C@@H]1C[C@H](O)[C@@H]2C,13407262,4
COC(=O)C1=CO[C@H](O[C@H]2O[C@@H](CO)[C@H](O)[C@@H](O)[C@H]2O)[C@H]2[C@H](C)CC(=O)[C@@H]12,35363826,4
COC(=O)C1=CO[C@@H](O[C@H]2O[C@@H](CO)[C@@H](O)[C@@H](O)[C@H]2O)[C@H]2[C@@H]1C(=O)C[C@H]2C,5015108,4
COC(=O)C1=CO[C@H](O[C@@H]2O[C@H](CO)[C@@H](O)[C@H](O)[C@H]2O)[C@H]2[C@@H](C)C(=O)C[C@@H]12,67912737,4
COC(=O)C1=CO[C@H](O[C@H]2O[C@@H](CO)[C@H](O)[C@@H](O)[C@@H]2O)[C@H]2[C@H](C)CC(=O)[C@@H]12,12871773,4
COC(=O)C1=CO[C@H](O[C@H]2O[C@H](CO)[C@H](O)[C@@H](O)[C@@H]2O)[C@H]2[C@H](C)CC(=O)[C@@H]12,12871780,4
COC(=O)C1=CO[C@@H](O[C@H]2O[C@@H](CO)[C@@H](O)[C@@H](O)[C@H]2O)[C@@H]2[C@@H](C)CC(=O)[C@@H]12,5015106,4
COC(=O)C1=CO[C@@H](O[C@@H]2O[C@H](CO)[C@@H](O)[C@H](O)[C@H]2O)[C@@H]2[C@H]1CC[C@@]2(C)O,31156306,4
COC(=O)C1=CO[C@H](O[C@@H]2O[C@H](CO)[C@@H](O)[C@H](O)[C@H]2O)[C@@H]2[C@@H]1C[C@H](O)[C@@H]2C,13407270,4
COC(=O)C1=CO[C@@H](O[C@H]2O[C@@H](CO)[C@@H](O)[C@@H](O)[C@H]2O)[C@H]2[C@H]1C[C@@H](O)[C@@H]2C,8681473,4
COC(=O)C1=CO[C@@H](O[C@@H]2O[C@H](CO)[C@H](O)[C@H](O)[C@H]2O)[C@H]2[C@@H]1C[C@H](O)[C@@H]2C,4104827,4
COC(=O)C1=CO[C@H](O[C@@H]2O[C@H](CO)[C@@H](O)[C@H](O)[C@H]2O)[C@@H]2[C@@H](C)C(=O)C[C@@H]12,67912734,4
COC(=O)C1=CO[C@H](O[C@@H]2O[C@H](CO)[C@@H](O)[C@H](O)[C@H]2O)[C@@H]2[C@@H]1C[C@@H](O)[C@H]2C,245238745,4
COC(=O)C1=CO[C@@H](O[C@H]2O[C@@H](CO)[C@H](O)[C@@H](O)[C@@H]2O)[C@@H]2[C@@H](C)CC(=O)[C@H]12,13814978,4
COC(=O)C1=CO[C@H](O[C@@H]2O[C@H](CO)[C@@H](O)[C@H](O)[C@H]2O)[C@@H]2[C@@H]1C[C@H](O)[C@H]2C,245238746,4
CO[C@H]1C[C@@H]2C(C(=O)O)=CO[C@@H](O[C@@H]3O[C@H](CO)[C@@H](O)[C@H](O)[C@H]3O)[C@@H]2[C@H]1C,85341114,4
O=C(O)C1=CO[C@@H](O[C@H]2O[C@@H](CO)[C@H](O)[C@@H](O)[C@@H]2O)[C@@H]2C(CO)=C[C@@H](O)[C@H]12,59586804,0
COC(=O)C1=CO[C@H](O[C@H]2O[C@H](CO)[C@H](O)[C@@H](O)[C@H]2O)[C@H]2[C@H](C)CC(=O)[C@@H]12,105376865,4
COC(=O)C1=CO[C@@H](O[C@@H]2O[C@H](CO)[C@@H](O)[C@H](O)[C@@H]2O)[C@H]2[C@@H]1C[C@H](O)[C@@H]2C,4104826,4
COC(=O)C1=CO[C@@H](O[C@H]2O[C@H](CO)[C@@H](O)[C@H](O)[C@H]2O)[C@@H]2C(OC)=CC[C@H]12,21992874,12
COC(=O)C1=CO[C@@H](O[C@@H]2O[C@H](CO)[C@@H](O)[C@H](O)[C@H]2O)[C@@H]2[C@@H]1CC[C@]2(C)O,105153542,4
COC(=O)C1=CO[C@H](O[C@H]2O[C@@H](CO)[C@H](O)[C@H](O)[C@@H]2O)[C@H]2[C@H](C)CC(=O)[C@@H]12,4082212,4
COC(=O)C1=CO[C@@H](O[C@H]2O[C@@H](CO)[C@@H](O)[C@@H](O)[C@H]2O)[C@@H]2[C@H](C)[C@H](O)C[C@@H]12,8681472,4
C[C@H]1[C@@H](O)C[C@@H]2C(C(=O)O)=CO[C@H](O[C@@H]3O[C@H](CO)[C@@H](O)[C@H](O)[C@H]3O)[C@@H]21,36383811,4
COC(=O)C1=CO[C@@H](O[C@@H]2O[C@H](CO)[C@@H](O)[C@H](O)[C@H]2O)[C@@H]2[C@@H]1C(=O)C[C@H]2C,77257457,4
COC(=O)C1=CO[C@H](O[C@@H]2O[C@H](CO)[C@@H](O)[C@H](O)[C@H]2O)[C@H]2[C@@H]1CC(=O)[C@@H]2C,253389902,4
COC(=O)C1=CO[C@@H](O[C@@H]2O[C@H](CO)[C@@H](O)[C@H](O)[C@H]2O)[C@H]2[C@H](C)CC(=O)[C@@H]12,77257455,4
COC(=O)C1=CO[C@H](O[C@@H]2O[C@@H](CO)[C@H](O)[C@H](O)[C@@H]2O)[C@H]2[C@H](C)CC(=O)[C@@H]12,217476866,4
COC(=O)C1=CO[C@@H](O[C@H]2O[C@H](CO)[C@@H](O)[C@H](O)[C@H]2O)[C@H]2[C@@H]1C[C@H](O)[C@@H]2C,39945957,4
COC(=O)C1=CO[C@@H](O[C@H]2O[C@@H](CO)[C@@H](O)[C@@H](O)[C@H]2O)[C@@H]2[C@H](C)CC(=O)[C@@H]12,5015104,4
COC(=O)C1=CO[C@@H](O[C@@H]2O[C@H](CO)[C@@H](O)[C@H](O)[C@H]2O)[C@@H]2[C@@H]1C[C@H](O)[C@H]2C,28538317,4
COC(=O)C1=CO[C@@H](O[C@@H]2O[C@H](CO)[C@@H](O)[C@H](O)[C@H]2O)[C@@H]2[C@H](C)CC(=O)[C@@H]12,33830308,4
COC(=O)C1=CO[C@@H](O[C@@H]2O[C@H](CO)[C@@H](O)[C@H](O)[C@H]2O)[C@@H]2[C@@H](C)CC(=O)[C@H]12,4098356,4
C[C@@H]1[C@@H](O)C[C@@H]2C(C(=O)O)=CO[C@@H](O[C@H]3O[C@@H](CO)[C@H](O)[C@@H](O)[C@@H]3O)[C@@H]21,253623387,4
O=C(O)C1=CO[C@@H](O[C@H]2O[C@@H](CO)[C@H](O)[C@@H](O)[C@@H]2O)[C@@H]2[C@@H]1C=C[C@]2(O)CO,257437831,0
COC(=O)C1=CO[C@@H](O[C@H]2O[C@@H](CO)[C@H](O)[C@@H](O)[C@@H]2O)[C@H]2C(CO)=CC[C@H]12,253527838,12
COC(=O)C1=CO[C@@H](O[C@H]2O[C@@H](CO)[C@H](O)[C@@H](O)[C@@H]2O)[C@@H]2C(CO)=CC[C@@H]12,253527841,12
COC(=O)C1=CO[C@@H](O[C@H]2O[C@H](CO)[C@H](O)[C@@H](O)[C@@H]2O)[C@H]2C(CO)=CC[C@H]12,1857524399,12
COC(=O)C1=CO[C@@H](O[C@@H]2O[C@H](CO)[C@@H](O)[C@H](O)[C@H]2O)[C@H]2C(CO)=CC[C@H]12,13827710,12
COC(=O)C1=CO[C@@H](O[C@@H]2O[C@H](CO)[C@@H](O)[C@@H](O)[C@H]2O)[C@@H]2C(CO)=CC[C@H]12,101640666,12
C[C@H]1[C@@H](O)C[C@@H]2C(C(=O)O)=CO[C@@H](O[C@@H]3O[C@H](CO)[C@@H](O)[C@H](O)[C@H]3O)[C@@H]21,3978795,4
C[C@H]1[C@@H](O)C[C@@H]2C(C(=O)O)=CO[C@@H](O[C@@H]3O[C@H](CO)[C@@H](O)[C@H](O)[C@H]3O)[C@H]21,66331858,4
COC(=O)C1=CO[C@@H](O[C@@H]2O[C@@H](CO)[C@@H](O)[C@@H](O)[C@@H]2O)[C@@H]2C(CO)=CC[C@H]12,8829464,12
O=C(O)C1=CO[C@@H](O[C@@H]2O[C@H](CO)[C@@H](O)[C@H](O)[C@H]2O)[C@@H]2C(CO)=C[C@H](O)[C@H]12,35942939,0
C[C@]1(O)C[C@@H](O)[C@@H]2C(C(=O)O)=CO[C@@H](O[C@@H]3O[C@H](CO)[C@@H](O)[C@H](O)[C@H]3O)[C@@H]21,36519535,0
O=C(O)C1=CO[C@@H](O[C@@H]2O[C@H](CO)[C@@H](O)[C@H](O)[C@H]2O)[C@@H]2[C@@H](CO)CC[C@H]12,238738039,0
COC(=O)C1=CO[C@@H](O[C@@H]2O[C@H](CO)[C@@H](O)[C@@H](O)[C@@H]2O)[C@@H]2C(CO)=CC[C@H]12,13479082,12
C[C@]1(O)C[C@@H](O)[C@@H]2C(C(=O)O)=CO[C@@H](O[C@@H]3O[C@H](CO)[C@@H](O)[C@H](O)[C@H]3O)[C@H]21,1772820167,0
COC(=O)C1=CO[C@@H](O[C@@H]2O[C@H](CO)[C@@H](O)[C@H](O)[C@H]2O)[C@H]2C(CO)=CC[C@@H]12,13827713,12
COC(=O)C1=CO[C@@H](O[C@H]2O[C@@H](CO)[C@H](O)[C@@H](O)[C@@H]2O)[C@@H]2[C@@H]1C[C@H](O)[C@H]2C,253617639,4
COC(=O)C1=CO[C@@H](O[C@@H]2O[C@H](CO)[C@@H](O)[C@H](O)[C@H]2O)[C@H]2[C@@H]1CC[C@@]2(C)O,31156303,4
C[C@@H]1[C@@H](O)C[C@H]2C(C(=O)O)=CO[C@@H](O[C@H]3O[C@H](CO)[C@H](O)[C@@H](O)[C@@H]3O)[C@H]12,1857787721,4
COC(=O)C1=CO[C@@H](O[C@@H]2O[C@H](CO)[C@@H](O)[C@H](O)[C@H]2O)[C@@H]2[C@@H]1C[C@H](O)[C@@H]2C,13407266,4
COC(=O)C1=CO[C@@H](O[C@@H]2O[C@H](CO)[C@@H](O)[C@H](O)[C@H]2O)[C@H]2[C@@H]1CC[C@]2(C)O,6032117,4
COC(=O)C1=CO[C@@H](O[C@H]2O[C@@H](CO)[C@H](O)[C@@H](O)[C@@H]2O)[C@@H]2[C@@H]1C[C@@H](O)[C@@H]2C,253617638,4
COC(=O)C1=CO[C@@H](O[C@H]2O[C@H](CO)[C@H](O)[C@@H](O)[C@@H]2O)[C@@H]2C(CO)=CC[C@H]12,1857524398,12
COC(=O)C1=CO[C@@H](O[C@@H]2O[C@H](CO)[C@@H](O)[C@H](O)[C@H]2O)[C@H]2[C@@H]1C[C@H](O)[C@@H]2C,3978792,4
C[C@H]1[C@H]2[C@H](O[C@H]3O[C@@H](CO)[C@H](O)[C@@H](O)[C@@H]3O)OC=C(C(=O)O)[C@@H]2C[C@H]1O,253623386,4
COC(=O)C1=CO[C@@H](O[C@H]2O[C@H](CO)[C@H](O)[C@@H](O)[C@@H]2O)[C@H]2C(CO)=CC[C@@H]12,1857524397,12
COC(=O)C1=CO[C@@H](O[C@@H]2O[C@H](CO)[C@@H](O)[C@H](O)[C@H]2O)[C@@H]2C(CO)=CC[C@H]12,3882101,12
C[C@@H]1[C@@H](O)C[C@@H]2C(C(=O)O)=CO[C@@H](O[C@@H]3O[C@H](CO)[C@@H](O)[C@H](O)[C@H]3O)[C@@H]21,6031801,4
COC(=O)C1=CO[C@@H](O[C@H]2O[C@@H](CO)[C@H](O)[C@@H](O)[C@@H]2O)[C@@H]2[C@@H]1C[C@H](O)[C@@H]2C,253617641,4
O=C(O)C1=CO[C@@H](O[C@@H]2O[C@H](CO)[C@@H](O)[C@H](O)[C@H]2O)[C@H]2[C@@H](CO)CC[C@H]12,85643885,0
COC(=O)C1=CO[C@@H](O[C@H]2O[C@@H](CO)[C@H](O)[C@@H](O)[C@@H]2O)[C@@H]2C(CO)=CC[C@H]12,238785795,12
COC(=O)C1=CO[C@@H](O[C@H]2O[C@@H](CO)[C@H](O)[C@@H](O)[C@@H]2O)[C@H]2C(CO)=CC[C@@H]12,253527839,12
COC(=O)C1=CO[C@@H](O[C@@H]2O[C@H](CO)[C@@H](O)[C@H](O)[C@H]2O)[C@@H]2C(CO)=CC[C@@H]12,13827716,12
C[C@H]1[C@H]2[C@H](O[C@H]3O[C@@H](CO)[C@H](O)[C@@H](O)[C@@H]3O)OC=C(C(=O)O)[C@H]2C[C@H]1O,253623385,4
COC(=O)C1=CO[C@@H](O[C@H]2O[C@H](CO)[C@H](O)[C@@H](O)[C@@H]2O)[C@@H]2C(CO)=CC[C@@H]12,1857524396,12
O=C(O)C1=CO[C@@H](O[C@@H]2O[C@H](CO)[C@@H](O)[C@H](O)[C@H]2O)[C@H]2[C@@H]1C=C[C@]2(O)CO,4098344,0
COC(=O)C1=CO[C@@H](O[C@@H]2O[C@@H](CO)[C@@H](O)[C@@H](O)[C@H]2O)[C@@H]2C(CO)=CC[C@H]12,8829462,12
C[C@H]1[C@H]2[C@H](O[C@H]3O[C@H](CO)[C@H](O)[C@@H](O)[C@@H]3O)OC=C(C(=O)O)[C@@H]2C[C@H]1O,1857787719,4
COC(=O)C1=CO[C@@H](O[C@H]2O[C@@H](CO)[C@H](O)[C@@H](O)[C@@H]2O)[C@@H]2[C@@H]1C[C@@H](O)[C@H]2C,253617640,4
O=C(O)C1=CO[C@@H](O[C@H]2O[C@@H](CO)[C@H](O)[C@@H](O)[C@@H]2O)[C@@H]2[C@H]1C=C[C@@]2(O)CO,257437830,0
C[C@@H]1[C@@H](O)C[C@H]2C(C(=O)O)=CO[C@@H](O[C@H]3O[C@@H](CO)[C@H](O)[C@@H](O)[C@@H]3O)[C@H]12,253623384,4
C[C@H]1[C@H]2[C@H](O[C@H]3O[C@H](CO)[C@H](O)[C@@H](O)[C@@H]3O)OC=C(C(=O)O)[C@H]2C[C@H]1O,1857787720,4
C/C=C1/[C@H](O[C@@H]2O[C@H](CO)[C@@H](O)[C@H](O)[C@H]2O)OC=C(C(=O)O)[C@H]1CC(=O)O,96023830,0
COC(=O)C1=CO[C@@H](O[C@@H]2O[C@H](CO)[C@@H](O)[C@H](O)[C@H]2O)[C@H]2[C@@H](C)CC(=O)[C@H]12,66331886,4
O=C(O)C1=CO[C@@H](O[C@H]2O[C@@H](CO)[C@H](O)[C@@H](O)[C@@H]2O)[C@@H]2[C@@H]1C=C[C@@]2(O)CO,257437828,0
C[C@@H]1[C@@H](O)C[C@@H]2C(C(=O)O)=CO[C@@H](O[C@H]3O[C@H](CO)[C@H](O)[C@@H](O)[C@@H]3O)[C@@H]21,1857787718,4
O=C(O)C1=CO[C@@H](O[C@H]2O[C@@H](CO)[C@H](O)[C@@H](O)[C@@H]2O)[C@@H]2[C@H]1C=C[C@]2(O)CO,257437829,0
C=C[C@H]1[C@H](O[C@@H]2O[C@H](CO)[C@@H](O)[C@H](O)[C@H]2O)OC=C(C(=O)O)[C@H]1CC(=O)O,238761851,0
C=C[C@H]1[C@H](O[C@@H]2O[C@H](CO)[C@@H](O)[C@H](O)[C@H]2O)OC=C(C(=O)OC)[C@H]1CC=O,4095728,12
C=C[C@H]1[C@H](O[C@@H]2O[C@H](CO)[C@@H](O)[C@H](O)[C@H]2O)OC=C2C(=O)O[C@H](OC)C[C@H]21,59587075,0
C=C[C@@H]1[C@@H](O[C@H]2O[C@@H](CO)[C@H](O)[C@@H](O)[C@@H]2O)OC=C(C(=O)O)[C@@H]1CC(=O)O,253500905,0
C=C[C@@H]1[C@H](CC(=O)O)C(C(=O)O)=CO[C@@H]1O[C@H]1O[C@@H](CO)[C@H](O)[C@@H](O)[C@@H]1O,253500902,0
C=C[C@@H]1[C@H](CC=O)C(C(=O)OC)=CO[C@@H]1O[C@H]1O[C@@H](CO)[C@@H](O)[C@@H](O)[C@H]1O,6379175,12
C=C[C@H]1[C@@H](O[C@H]2O[C@@H](CO)[C@@H](O)[C@@H](O)[C@H]2O)OC=C(C(=O)O)[C@@H]1CC(=O)O,34235760,0
C=C[C@H]1[C@H](CC(=O)O)C(C(=O)O)=CO[C@@H]1O[C@H]1O[C@@H](CO)[C@@H](O)[C@@H](O)[C@H]1O,34235759,0
C=C[C@H]1[C@H](CC(=O)O)C(C(=O)O)=CO[C@@H]1O[C@H]1O[C@@H](CO)[C@H](O)[C@@H](O)[C@@H]1O,253500907,0
C=C[C@H]1[C@H](CC=O)C(C(=O)OC)=CO[C@@H]1O[C@H]1O[C@@H](CO)[C@@H](O)[C@@H](O)[C@H]1O,6379177,12
C=C[C@@H]1[C@H](CC(=O)O)C(C(=O)O)=CO[C@@H]1O[C@H]1O[C@@H](CO)[C@@H](O)[C@@H](O)[C@H]1O,34235758,0
C=C[C@H]1[C@@H](O[C@H]2O[C@@H](CO)[C@H](O)[C@@H](O)[C@@H]2O)OC=C(C(=O)OC)[C@@H]1CC=O,253532128,12
C=C[C@H]1[C@H](CC=O)C(C(=O)OC)=CO[C@@H]1O[C@H]1O[C@@H](CO)[C@H](O)[C@@H](O)[C@@H]1O,253532129,12
C=C[C@H]1[C@H](O[C@H]2O[C@@H](CO)[C@@H](O)[C@@H](O)[C@H]2O)OC=C(C(=O)OC)[C@H]1CC=O,6379180,12
C=C[C@@H]1[C@H](O[C@H]2O[C@@H](CO)[C@@H](O)[C@@H](O)[C@H]2O)OC=C(C(=O)OC)[C@H]1CC=O,6379183,12
C=C[C@H]1[C@@H](O[C@H]2O[C@@H](CO)[C@H](O)[C@@H](O)[C@@H]2O)OC=C(C(=O)O)[C@@H]1CC(=O)O,253500904,0
C=C[C@@H]1[C@H](CC=O)C(C(=O)OC)=CO[C@@H]1O[C@H]1O[C@@H](CO)[C@H](O)[C@@H](O)[C@@H]1O,253532130,12
COc1ccc(Cl)cc1N1/C(=N/C(=O)C2CC2)S[C@@H]2CS(=O)(=O)C[C@H]21,5202932,8
COc1ccc(Cl)cc1N1/C(=N\C(=O)C2CC2)S[C@H]2CS(=O)(=O)C[C@@H]21,101307361,8
CCC(=O)/N=C1/S[C@@H]2CS(=O)(=O)C[C@@H]2N1c1cc(Cl)c(OC)cc1OC,101310230,8
COc1ccc(Cl)cc1N1/C(=N\C(=O)C2CC2)S[C@@H]2CS(=O)(=O)C[C@@H]21,101307369,8
COc1ccc(Cl)cc1N1/C(=N\C(=O)C2CC2)S[C@@H]2CS(=O)(=O)C[C@H]21,101307366,8
COc1ccc(Cl)cc1N1/C(=N\C(=O)C2CC2)S[C@H]2CS(=O)(=O)C[C@H]21,101307358,8
CCC(=O)/N=C1/S[C@H]2CS(=O)(=O)C[C@@H]2N1c1cc(Cl)c(OC)cc1OC,101310225,8
CCC(=O)/N=C1/S[C@@H]2CS(=O)(=O)C[C@H]2N1c1cc(Cl)c(OC)cc1OC,101310227,8
CCC(=O)/N=C1/S[C@H]2CS(=O)(=O)C[C@H]2N1c1cc(Cl)c(OC)cc1OC,101310223,8
COc1ccc(Cl)cc1N1/C(=N/C(=O)C2CC2)S[C@@H]2CS(=O)(=O)C[C@@H]21,5202945,8
CO[C@H]1O[C@@H](CO)[C@H](O)[C@@H](O[C@@H]2O[C@H](CO)[C@@H](O)[C@@H](O)[C@@H]2NC(C)=O)[C@@H]1O,253613935,6
CC(=O)N[C@@]1(O)[C@@H](O)[C@H](O)[C@@H](CO[C@@H]2C[C@H](O)[C@H](O)[C@H](CO)O2)O[C@H]1O,1570006155,6
CC(=O)N[C@]1(O)[C@H](O)O[C@H](CO[C@@H]2C[C@H](O)[C@H](O)[C@H](CO)O2)[C@H](O)[C@H]1O,1570006139,6
CC(=O)N[C@H]1[C@@H](O)[C@@H](C[C@@H]2O[C@H](CO)[C@H](O)[C@H](O)[C@H]2O)[C@@H](CO)O[C@H]1O,1569985093,6
CC(=O)N[C@H]1[C@H](O[C@@H]2[C@@H](O)O[C@H](CO)[C@@H](O)[C@@H]2O)O[C@H](CO)[C@@H](O)[C@@H]1O,33821422,6
CC(=O)N[C@H]1[C@@H](O[C@H]2[C@@H](CO)O[C@H](O)[C@H](O)[C@H]2O)O[C@H](CO)[C@@H](O)[C@@H]1O,77269617,6
CC(=O)N[C@H]1[C@@H](O)O[C@H](CO)[C@H](O)[C@H]1O[C@@H]1O[C@H](CO)[C@H](O)[C@H](O)[C@H]1O,136891067,6
CC(=O)N[C@]1(O)[C@H](O)O[C@H](CO[C@@H]2C[C@H](O)[C@H](O)[C@H](CO)O2)[C@@H](O)[C@H]1O,1570006157,6
CC(=O)N[C@H]1[C@H](O[C@H]2[C@@H](O)[C@H](O)[C@@H](CO)O[C@H]2O)O[C@H](CO)[C@@H](O)[C@@H]1O,38393773,6
CC(=O)N[C@@]1(O)[C@@H](O)[C@@H](O)[C@@H](CO[C@@H]2C[C@H](O)[C@H](O)[C@H](CO)O2)O[C@H]1O,1570006153,6
CC(=O)N[C@H]1[C@@H](O)[C@@H](C[C@@H]2O[C@H](CO)[C@H](O)[C@H](O)[C@@H]2O)[C@@H](CO)O[C@H]1O,1569985094,6
CC(=O)N[C@@H]1[C@H](O)O[C@H](CO)[C@H](C[C@@H]2O[C@H](CO)[C@H](O)[C@H](O)[C@@H]2O)[C@H]1O,1569985095,6
CC(=O)N[C@H]1[C@@H](O[C@H]2[C@H](O)[C@@H](O)O[C@@H](CO)[C@@H]2O)O[C@@H](CO)[C@@H](O)[C@@H]1O,253611388,6
CC(=O)N[C@H]1[C@@H](O)O[C@H](CO[C@@H]2O[C@H](CO)[C@H](O)[C@H](O)[C@H]2O)[C@@H](O)[C@@H]1O,87528044,6
CC(=O)N[C@H]1[C@H](O)O[C@H](CO[C@@H]2O[C@H](CO)[C@H](O)[C@H](O)[C@H]2O)[C@@H](O)[C@@H]1O,13519094,6
CC(=O)N[C@H]1[C@@H](O)O[C@H](CO)[C@@H](O)[C@@H]1O[C@@H]1O[C@H](CO)[C@H](O)[C@H](O)[C@H]1O,4097097,6
CO[C@H]1O[C@H](CO[C@@H]2O[C@H](CO)[C@@H](O)[C@H](O)[C@H]2NC(C)=O)[C@@H](O)[C@H](O)[C@@H]1O,95871175,6
CC(=O)N[C@H]1[C@@H](O[C@H]2[C@H](O)[C@@H](O)O[C@@H](CO)[C@@H]2O)O[C@H](CO)[C@@H](O)[C@@H]1O,253611386,6
CC(=O)N[C@@H]1[C@H](O[C@@H]2O[C@H](CO)[C@H](O)[C@H](O)[C@H]2O)[C@@H](O)[C@@H](CO)O[C@H]1O,44127228,6
CC(=O)N[C@H]1[C@@H](O)O[C@H](CO)[C@H](O[C@@H]2O[C@H](CO)[C@H](O)[C@H](O)[C@H]2O)[C@@H]1O,77269582,6
CO[C@H]1O[C@@H](CO)[C@@H](O)[C@@H](O[C@@H]2O[C@H](CO)[C@@H](O)[C@H](O)[C@H]2NC(C)=O)[C@@H]1O,95871174,6
CC(=O)N[C@H]1[C@@H](O[C@H]2[C@@H](CO)O[C@@H](O)[C@H](O)[C@H]2O)O[C@H](CO)[C@@H](O)[C@@H]1O,77269622,6
CC(=O)N[C@@H]1[C@@H](O)O[C@H](CO[C@H]2O[C@H](CO)[C@H](O)[C@H](O)[C@H]2O)[C@H](O)[C@@H]1O,83260792,6
CC(=O)N[C@H]1[C@H](O)O[C@H](CO)[C@H](O[C@@H]2O[C@H](CO)[C@H](O)[C@H](O)[C@H]2O)[C@@H]1O,43505242,6
CC(=O)N[C@H]1[C@@H](O[C@H]2[C@H](O)[C@@H](O)O[C@@H](CO)[C@@H]2O)O[C@H](CO)[C@H](O)[C@@H]1O,253611387,6
CC(=O)N[C@H]1[C@@H](O)O[C@H](CO)[C@H](O)[C@@H]1O[C@H]1O[C@H](CO)[C@H](O)[C@H](O)[C@H]1O,59065580,6
CC(=O)N[C@@H]1[C@@H](O)O[C@H](CO)[C@H](O)[C@@H]1O[C@H]1O[C@H](CO)[C@H](O)[C@H](O)[C@H]1O,83260785,6
CC(=O)N[C@H]1[C@@H](O[C@H]2[C@H](O)[C@@H](O)O[C@@H](CO)[C@@H]2O)O[C@@H](CO)[C@H](O)[C@@H]1O,253611389,6
CC(=O)N[C@@H]1[C@H](O)O[C@H](CO)[C@H](C[C@@H]2O[C@H](CO)[C@H](O)[C@H](O)[C@H]2O)[C@H]1O,1569985092,6
CC(=O)N[C@H]1[C@H](O[C@@H]2[C@H](O)[C@H](O)O[C@H](CO)[C@H]2O)O[C@H](CO)[C@@H](O)[C@@H]1O,77269609,6
CC(=O)N[C@H]1[C@H](O)O[C@H](CO)[C@H](O)[C@@H]1O[C@H]1O[C@H](CO)[C@H](O)[C@H](O)[C@H]1O,33913775,6
CC(=O)N[C@H]1[C@H](O[C@@H]2[C@H](O)[C@@H](O)O[C@H](CO)[C@H]2O)O[C@H](CO)[C@@H](O)[C@@H]1O,77269604,6
CC(=O)N[C@@H]1[C@H](O)O[C@@H](CO)[C@H](O[C@@H]2O[C@H](CO)[C@H](O)[C@H](O)[C@@H]2O)[C@@H]1O,35636144,6
CC(=O)N[C@H]1[C@H](O[C@H]2[C@@H](CO)O[C@H](O)[C@H](O)[C@H]2O)O[C@H](CO)[C@H](O)[C@@H]1O,64633924,6
CC(=O)N[C@H]1[C@@H](O)O[C@H](CO[C@@H]2O[C@H](CO)[C@H](O)[C@H](O)[C@H]2O)[C@H](O)[C@@H]1O,77269588,6
CC(=O)N[C@@H]1[C@H](O)O[C@@H](CO)[C@H](O[C@@H]2O[C@@H](CO)[C@H](O)[C@H](O)[C@@H]2O)[C@@H]1O,22046476,6
CC(=O)N[C@H]1C[C@@H](O)[C@H](CO)O[C@@H]1O[C@@H]1[C@@H](O)[C@H](O)[C@@H](O)O[C@H]1C(=O)O,1857790286,6
CO[C@@H]1O[C@H](CO)[C@@H](O[C@@H]2O[C@H](CO)[C@H](O)[C@H](O)[C@H]2O)[C@H](O)[C@H]1NC(C)=O,13549358,6
CC(=O)N[C@@H]1[C@H](O)O[C@H](CO)[C@H](O)[C@@H]1O[C@@H]1O[C@H](CO)[C@H](O)[C@H](O)[C@@H]1O,247921887,6
CO[C@@H]1O[C@H](CO)[C@@H](O)[C@H](O[C@@H]2O[C@H](CO)[C@H](O)[C@H](O)[C@H]2O)[C@H]1NC(C)=O,13549336,6
CO[C@@H]1O[C@H](CO)[C@@H](O)[C@H](O[C@@H]2O[C@@H](C)[C@@H](O)[C@@H](O)[C@@H]2O)[C@H]1NC(C)=O,33821390,6
CC(=O)N[C@@H]1[C@H](O)O[C@H](CO)[C@H](O[C@@H]2O[C@H](CO)[C@H](O)[C@H](O)[C@@H]2O)[C@@H]1O,35636146,6
CC(=O)N[C@H]1[C@H](O[C@H]2[C@@H](CO)O[C@@H](O)[C@H](O)[C@H]2O)O[C@H](CO)[C@H](O)[C@@H]1O,13549364,6
CC(=O)N[C@H]1[C@H](O)O[C@H](CO)[C@@H](O[C@@H]2O[C@H](CO)[C@H](O)[C@H](O)[C@H]2O)[C@@H]1O,4228284,6
CC(=O)N[C@H]1[C@@H](O)O[C@H](CO)[C@@H](O[C@@H]2O[C@H](CO)[C@H](O)[C@H](O)[C@H]2O)[C@@H]1O,13545957,6
CC(=O)N[C@@H]1[C@H](O)O[C@H](CO)[C@H](O[C@@H]2O[C@@H](CO)[C@H](O)[C@H](O)[C@@H]2O)[C@@H]1O,22046486,6
CC(=O)N[C@H]1[C@@H](O)O[C@H](CO)[C@H](O)[C@@H]1O[C@@H]1O[C@H](CO)[C@H](O)[C@H](O)[C@H]1O,4097367,6
CO[C@H]1O[C@@H](CO)[C@H](O)[C@@H](O[C@@H]2O[C@H](CO)[C@@H](O)[C@H](O)[C@@H]2NC(C)=O)[C@@H]1O,253613936,6
CC(=O)N[C@@H]1[C@H](O)O[C@H](CO)[C@H](O)[C@@H]1O[C@@H]1O[C@@H](CO)[C@H](O)[C@@H](O)[C@@H]1O,1500993212,6
CO[C@H]1O[C@@H](CO)[C@H](O)[C@@H](O[C@@H]2O[C@H](CO)[C@H](O)[C@@H](O)[C@@H]2NC(C)=O)[C@@H]1O,253613934,6
CO[C@H]1O[C@@H](CO)[C@H](O)[C@@H](O[C@@H]2O[C@H](CO)[C@H](O)[C@H](O)[C@@H]2NC(C)=O)[C@@H]1O,253613933,6
CC(=O)N[C@@H]1[C@H](O)O[C@H](CO)[C@H](O)[C@@H]1O[C@@H]1O[C@H](CO)[C@H](O)[C@@H](O)[C@@H]1O,247921882,6
CC(=O)N[C@@H]1[C@H](O[C@@H]2[C@H](O)[C@@H](O)O[C@H](CO)[C@H]2O)O[C@H](CO)[C@H](O)[C@H]1O,75759782,6
CC(=O)N[C@H]1[C@H](O)O[C@H](CO[C@@H]2O[C@H](CO)[C@H](O)[C@H](O)[C@H]2O)[C@H](O)[C@@H]1O,31544008,6
CC(=O)N[C@@H]1[C@H](O[C@@H]2[C@H](O)[C@H](O)O[C@H](CO)[C@H]2O)O[C@H](CO)[C@H](O)[C@H]1O,75759785,6
CO[C@@H]1O[C@H](CO)[C@H](O)[C@H](O[C@@H]2O[C@H](CO)[C@H](O)[C@H](O)[C@H]2O)[C@H]1NC(C)=O,25724613,6
CC(=O)N[C@H]1[C@H](O)O[C@H](CO)[C@H](O)[C@@H]1O[C@@H]1O[C@H](CO)[C@H](O)[C@H](O)[C@H]1O,4097368,6
CC(=O)N[C@H]1[C@@H](O)O[C@H](CO)[C@H](O)[C@H]1O[C@@H]1O[C@@H](CO)[C@H](O)[C@@H](O)[C@H]1O,75761008,6
CC(=O)N[C@@H]1C[C@H](O)[C@@H](CO)O[C@H]1O[C@@H]1[C@@H](C(=O)O)O[C@@H](O)[C@H](O)[C@H]1O,4216500,6
CC(=O)N[C@@H]1[C@H](O)O[C@H](CO)[C@H](O)[C@@H]1O[C@@H]1O[C@@H](CO)[C@H](O)[C@H](O)[C@@H]1O,44960071,6
CC(=O)N[C@@H]1[C@H](OCCOCCOCCN=[N+]=[N-])O[C@H](CO)[C@@H](O)[C@@H]1O,252668753,6
CC(=O)N[C@@H]1[C@H](OCCOCCOCCN=[N+]=[N-])O[C@@H](CO)[C@@H](O)[C@@H]1O,257354912,6
CC(=O)N[C@@H]1[C@H](OCCOCCOCCN=[N+]=[N-])O[C@@H](CO)[C@H](O)[C@@H]1O,257354914,6
CC(=O)N[C@@H]1[C@@H](OCCOCCOCCN=[N+]=[N-])O[C@@H](CO)[C@H](O)[C@@H]1O,257354917,6
CC(=O)N[C@H]1[C@@H](OCCOCCOCCN=[N+]=[N-])O[C@H](CO)[C@H](O)[C@@H]1O,216451140,6
CC(=O)N[C@H]1[C@H](OCCOCCOCCN=[N+]=[N-])O[C@@H](CO)[C@H](O)[C@@H]1O,257354911,6
CC(=O)N[C@@H]1[C@@H](OCCOCCOCCN=[N+]=[N-])O[C@H](CO)[C@H](O)[C@@H]1O,216451186,6
CC(=O)N[C@H]1[C@H](OCCOCCOCCN=[N+]=[N-])O[C@H](CO)[C@H](O)[C@@H]1O,257354915,6
CC(=O)N[C@H]1[C@H](O)[C@H](O)[C@H](CO)O[C@H]1OCCOCCOCCN=[N+]=[N-],257354913,6
CC(=O)N[C@@H]1[C@H](OCCOCCOCCN=[N+]=[N-])O[C@H](CO)[C@H](O)[C@@H]1O,252668751,6
CC(=O)N[C@H]1[C@@H](OCCOCCOCCN=[N+]=[N-])O[C@@H](CO)[C@H](O)[C@@H]1O,257354916,6
CC(=O)N[C@H]1[C@H](O)[C@H](O)[C@@H](CO)O[C@H]1OCCOCCOCCN=[N+]=[N-],252668752,6
C#CCOCCOCCOCCO[C@@H]1O[C@@H](CO)[C@@H](O)[C@H](O)[C@H]1NC(C)=O,257355146,6
C#CCOCCOCCOCCO[C@H]1O[C@H](CO)[C@H](O)[C@H](O)[C@H]1NC(C)=O,216450933,6
C#CCOCCOCCOCCO[C@H]1O[C@H](CO)[C@H](O)[C@H](O)[C@@H]1NC(C)=O,216450986,6
CC(=O)N[C@H](C=O)[C@H](O)[C@H](O)[C@H](O)CO[C@H]1O[C@@H](CO)[C@H](O)[C@@H](O)[C@@H]1O,256099228,6
C#CCOCCOCCOCCO[C@@H]1O[C@H](CO)[C@@H](O)[C@H](O)[C@H]1NC(C)=O,257355149,6
C#CCOCCOCCOCCO[C@@H]1O[C@H](CO)[C@@H](O)[C@H](O)[C@@H]1NC(C)=O,257355150,6
CC(=O)N[C@H](C=O)[C@@H](O)[C@H](O)[C@H](O)CO[C@H]1O[C@@H](CO)[C@H](O)[C@@H](O)[C@@H]1O,256099221,6
CC(=O)N[C@@H](C=O)[C@@H](O)[C@H](O[C@@H]1O[C@H](CO)[C@H](O)[C@H](O)[C@H]1O)[C@H](O)CO,12496932,6
C#CCOCCOCCOCCO[C@H]1O[C@@H](CO)[C@H](O)[C@H](O)[C@H]1NC(C)=O,257355147,6
CC(=O)N[C@@H](C=O)[C@@H](O)[C@H](O)[C@H](O)CO[C@H]1O[C@@H](CO)[C@H](O)[C@@H](O)[C@@H]1O,256099225,6
CC(=O)N[C@@H](C=O)[C@H](O)[C@H](O)[C@H](O)CO[C@H]1O[C@@H](CO)[C@H](O)[C@@H](O)[C@@H]1O,256099219,6
C#CCOCCOCCOCCO[C@@H]1O[C@@H](CO)[C@@H](O)[C@H](O)[C@@H]1NC(C)=O,257355145,6
CC(=O)N[C@H]1[C@H](O[C@H](C=O)[C@@H](O)[C@H](O)[C@H](O)CO)O[C@H](CO)[C@@H](O)[C@@H]1O,31539879,6
C#CCOCCOCCOCCO[C@H]1O[C@@H](CO)[C@H](O)[C@H](O)[C@@H]1NC(C)=O,257355148,6
CCOc1ccc(N2C(=O)NC(=O)/C(=C\c3ccc(OCC(=O)O)cc3)C2=O)cc1,4808898,5
COc1ccc(N2C(=O)NC(=O)/C(=C\c3ccc(O[C@H](C)C(=O)O)cc3)C2=O)cc1,2274292,5
COc1ccccc1N1C(=O)NC(=O)/C(=C/c2ccc(N3CCOCC3)cc2)C1=O,4513393,5
COc1cccc(N2C(=O)NC(=O)/C(=C/c3ccc(OC)c(OC)c3OC)C2=O)c1,4823171,5
COc1cc(/C=C2\C(=O)NC(=O)N(c3cccc(C)c3)C2=O)ccc1OCC(=O)O,2909304,5
O=C(O)COc1cccc(/C=C2\C(=O)NC(=O)N(c3ccc(Cl)cc3)C2=O)c1,2248802,5
CCOc1ccc(N2C(=O)NC(=O)/C(=C/c3ccc(OC)c(C(=O)O)c3)C2=O)cc1,5023807,5
COc1cc(/C=C2\C(=O)NC(=O)N(c3ccc(C)c(C)c3)C2=O)ccc1OCC(=O)O,2248754,5
COc1ccc(N2C(=O)NC(=O)/C(=C\c3cc(OC)c(OC)cc3OC)C2=O)cc1,1233282,5
COc1ccccc1N1C(=O)NC(=O)/C(=C/c2cc(OC)c(OC)c(OC)c2)C1=O,5043585,5
COc1ccc(N2C(=O)NC(=O)/C(=C\c3ccc(OC)c(OC)c3OC)C2=O)cc1,1192467,5
CCOc1cc(/C=C2\C(=O)NC(=O)N(c3ccc(C(=O)OC)cc3)C2=O)ccc1O,1178264,5
O=C(O)COc1ccc(/C=C2\C(=O)NC(=O)N(c3ccccc3)C2=O)cc1Cl,2727019,5
COc1ccc(N2C(=O)NC(=O)/C(=C\c3cc(OC)c(OC)c(OC)c3)C2=O)cc1,1192475,5
COc1ccc(N2C(=O)NC(=O)/C(=C\c3ccc(N4CCOCC4)cc3)C2=O)cc1,5810711,5
COc1cccc(N2C(=O)NC(=O)/C(=C\c3ccc(OC)c(OC)c3OC)C2=O)c1,1197230,5
COc1ccc(N2C(=O)NC(=O)/C(=C/c3c(OC)cc(OC)cc3OC)C2=O)cc1,4815225,5
COc1cccc(N2C(=O)NC(=O)/C(=C\c3cc(OC)c(OC)c(OC)c3)C2=O)c1,1197239,5
COc1ccc(N2C(=O)NC(=O)/C(=C\c3ccc(O[C@@H](C)C(=O)O)cc3)C2=O)cc1,2274290,5
COc1cccc(N2C(=O)NC(=O)/C(=C/c3cc(OC)c(OC)cc3OC)C2=O)c1,4808939,5
COc1cccc(N2C(=O)NC(=O)/C(=C/c3c(OC)cc(OC)cc3OC)C2=O)c1,4807768,5
CCOc1cccc(N2C(=O)NC(=O)/C(=C/c3cc4c(cc3OC)OCO4)C2=O)c1,409099719,5
CCOc1ccccc1N1C(=O)NC(=O)/C(=C\c2cc(OC)c(O)c(OC)c2)C1=O,409231806,5
Cc1ccc(Cl)cc1N1C(=O)NC(=O)/C(=C\c2ccc(OCC(N)=O)cc2)C1=O,409224658,5
CCOc1ccc(/C=C2\C(=O)NC(=O)N(c3ccc4c(c3)OCO4)C2=O)cc1OC,408954593,5
COc1cc(C)c(/C=C2\C(=O)NC(=O)N(c3ccc4c(c3)OCO4)C2=O)cc1OC,408549230,5
O=C(O)COc1ccc(/C=C2\C(=O)NC(=O)N(c3cccc(Cl)c3)C2=O)cc1,409046400,5
COc1cccc(/C=C2\C(=O)NC(=O)N(c3ccccc3)C2=O)c1O[C@@H](C)C(=O)O,409232528,5
O=C(O)COc1cccc(/C=C2/C(=O)NC(=O)N(c3ccccc3Cl)C2=O)c1,409069106,5
COc1cccc(N2C(=O)NC(=O)/C(=C/c3ccc(OC(C)=O)c(OC)c3)C2=O)c1,408537914,5
CCOc1ccc(C(=O)O)cc1/C=C1\C(=O)NC(=O)N(c2ccc(OC)cc2)C1=O,408827124,5
Cc1ccc(N2C(=O)NC(=O)/C(=C\c3ccc(OCC(N)=O)cc3)C2=O)cc1Cl,409226236,5
CCc1ccc(N2C(=O)NC(=O)/C(=C/c3ccc(OCC(=O)OC)cc3)C2=O)cc1,408989979,5
O=C(O)COc1ccc(/C=C2\C(=O)NC(=O)N(c3ccc(O)cc3)C2=O)cc1Cl,409044989,5
Cc1ccc(Cl)cc1N1C(=O)NC(=O)/C(=C/c2cccc(OCC(N)=O)c2)C1=O,409218498,5
CCOc1cc(/C=C2/C(=O)NC(=O)N(c3ccc(C(=O)OC)cc3)C2=O)ccc1O,16688763,5
O=C(O)COc1ccc(Cl)cc1/C=C1\C(=O)NC(=O)N(c2ccccc2)C1=O,409050001,5
COc1cc(/C=C2/C(=O)NC(=O)N(c3ccccc3OC)C2=O)ccc1OC(C)=O,408534855,5
CCOc1ccc(N2C(=O)NC(=O)/C(=C/c3cc4c(cc3OC)OCO4)C2=O)cc1,409111810,5
COc1ccc(N2C(=O)NC(=O)/C(=C/c3ccc(OC(C)=O)c(OC)c3)C2=O)cc1,408530268,5
CCOc1cc(/C=C2\C(=O)NC(=O)N(c3ccc4c(c3)OCO4)C2=O)ccc1OC,408860266,5
O=C(O)COc1ccc(/C=C2\C(=O)NC(=O)N(c3ccccc3Cl)C2=O)cc1,409048408,5
CCOc1cc2c(cc1/C=C1/C(=O)NC(=O)N(c3ccc(OC)cc3)C1=O)OCO2,409105440,5
CCOC(=O)COc1ccccc1/C=C1\C(=O)NC(=O)N(c2cccc(F)c2)C1=O,408914608,5
CCOC(=O)COc1cc(/C=C2/C(=O)NC(=O)N(c3ccccc3)C2=O)ccc1OC,409213593,5
O=C(O)COc1ccc(Cl)cc1/C=C1\C(=O)NC(=O)N(c2ccc(O)cc2)C1=O,409042819,5
COc1cccc(/C=C2\C(=O)NC(=O)N(c3ccccc3)C2=O)c1O[C@H](C)C(=O)O,409232527,5
COc1cc(/C=C2\C(=O)NC(=O)N(c3ccc(C)cc3)C2=O)ccc1OCC(=O)O,408770880,5
CCOc1ccc(/C=C2\C(=O)NC(=O)N(c3ccc(C(=O)O)cc3)C2=O)cc1OC,408937344,5
CCOc1cccc(/C=C2/C(=O)NC(=O)N(c3ccccc3)C2=O)c1OCC(=O)O,409218415,5
Cc1ccc(N2C(=O)NC(=O)/C(=C\c3ccccc3OCC(N)=O)C2=O)cc1Cl,409224955,5
CCOc1ccc(N2C(=O)NC(=O)/C(=C/c3cccc(OCC(=O)O)c3)C2=O)cc1,409072938,5
Cc1ccc(N2C(=O)NC(=O)/C(=C/c3cccc(OCC(N)=O)c3)C2=O)cc1Cl,409221912,5
COc1cc(/C=C2\C(=O)NC(=O)N(c3cc(C)cc(C)c3)C2=O)ccc1OCC(=O)O,408775025,5
CCOC(=O)COc1ccc(/C=C2\C(=O)NC(=O)N(c3ccc(F)cc3)C2=O)cc1,408856702,5
CCOc1cc(/C=C2\C(=O)NC(=O)N(c3ccc(C(=O)O)cc3)C2=O)ccc1OC,408936501,5
CCOc1ccc(/C=C2\C(=O)NC(=O)N(c3ccc(OC)cc3)C2=O)cc1C(=O)O,6351477,5
COc1ccc(N2C(=O)NC(=O)/C(=C\c3ccccc3O[C@@H](C)C(=O)O)C2=O)cc1,409189308,5
O=C(O)COc1cccc(/C=C2/C(=O)NC(=O)N(c3cccc(Cl)c3)C2=O)c1,409068033,5
CCOc1cc2c(cc1/C=C1\C(=O)NC(=O)N(c3ccc4c(c3)OCO4)C1=O)OCO2,408952415,5
COc1ccc(N2C(=O)NC(=O)/C(=C\c3ccccc3O[C@H](C)C(=O)O)C2=O)cc1,409189309,5
O=C(O)COc1ccccc1/C=C1\C(=O)NC(=O)N(c2cccc(Cl)c2)C1=O,409046233,5
CCc1ccc(N2C(=O)NC(=O)/C(=C/c3ccccc3OCC(=O)OC)C2=O)cc1,408990107,5
O=C(O)COc1ccccc1/C=C1\C(=O)NC(=O)N(c2ccc(Cl)cc2)C1=O,408783701,5
CCOC(=O)COc1ccc(/C=C2\C(=O)NC(=O)N(c3cccc(F)c3)C2=O)cc1,408913664,5
CCOc1ccc(N2C(=O)NC(=O)/C(=C\c3ccccc3OCC(=O)O)C2=O)cc1,2281291,5
O=C(O)COc1ccccc1/C=C1\C(=O)NC(=O)N(c2ccccc2Cl)C1=O,409047383,5
NC(=O)COc1ccc(/C=C2\C(=O)NC(=O)N(c3ccc(F)cc3)C2=O)cc1Cl,409226123,5
C#CCOc1cc(OC)ccc1/C=C1\C(=O)NC(=O)N(c2ccc(OC)cc2)C1=O,408819652,5
C#CCOc1ccc(/C=C2\C(=O)NC(=O)N(c3ccc([N+](=O)[O-])cc3)C2=O)cc1OC,408937293,5
C#CCOc1ccc(/C=C2\C(=O)NC(=O)N(c3cccc([N+](=O)[O-])c3)C2=O)cc1OC,408809611,5
C#CCOc1ccc(/C=C2\C(=O)NC(=O)N(c3ccc(C(=O)OC)cc3)C2=O)cc1,408803719,5
C#CCOc1ccc(/C=C2\C(=O)NC(=O)N(c3ccc(OC)cc3)C2=O)cc1OC,408801711,5
C#CCOc1ccc(/C=C2\C(=O)NC(=O)N(c3ccc(O)cc3)C2=O)cc1OCC,5006503,5
CCCN1C(=O)NC(=O)[C@@]2(Cc3cc([N+](=O)[O-])ccc3N3CCCCC[C@H]32)C1=O,230038694,3
C[C@H]1CCN2c3ccc([N+](=O)[O-])cc3C[C@@]3(C(=O)NC(=S)N(C4CC4)C3=O)[C@@H]2C1,17057401,3
CC[C@@H](C)N1C(=O)NC(=O)[C@@]2(Cc3cc([N+](=O)[O-])ccc3N3CCCC[C@@H]32)C1=O,8997069,3
C[C@H]1CCN2c3ccc([N+](=O)[O-])cc3C[C@]3(C(=O)NC(=S)N(C4CC4)C3=O)[C@@H]2C1,8739146,3
CC1(C)C[C@@H]2C[C@](C)(C1)[C@@H]1N2c2ccc([N+](=O)[O-])cc2CC12C(=O)NC(=O)NC2=O,9111243,3
CCCN1C(=O)[C@@]2(Cc3cc([N+](=O)[O-])ccc3N3CCCC[C@H]32)C(=O)NC1=S,230042035,3
CC[C@@H](C)N1C(=O)NC(=O)[C@]2(Cc3cc([N+](=O)[O-])ccc3N3CCCC[C@@H]32)C1=O,8994235,3
CCCN1C(=O)[C@]2(Cc3cc([N+](=O)[O-])ccc3N3CCCC[C@@H]32)C(=O)NC1=S,9122835,3
CCCN1C(=O)[C@@]2(Cc3cc([N+](=O)[O-])ccc3N3CCCC[C@@H]32)C(=O)NC1=S,9122834,3
CCCN1C(=O)[C@]2(Cc3cc([N+](=O)[O-])ccc3N3CCCC[C@H]32)C(=O)NC1=S,230042029,3
CC1(C)C[C@H]2C[C@](C)(C1)[C@@H]1N2c2ccc([N+](=O)[O-])cc2CC12C(=O)NC(=O)NC2=O,101346121,3
CC1(C)C[C@@H]2C[C@@](C)(C1)[C@@H]1N2c2ccc([N+](=O)[O-])cc2CC12C(=O)NC(=O)NC2=O,101346119,3
CN1C(=O)NC(=O)[C@@]2(Cc3cc([N+](=O)[O-])ccc3N3C[C@@H](c4ccccc4)C[C@@H]32)C1=O,9128882,3
CN1C(=O)NC(=O)[C@]2(Cc3cc([N+](=O)[O-])ccc3N3C[C@@H](c4ccccc4)C[C@@H]32)C1=O,9128881,3
CC[C@H](C)N1C(=O)NC(=O)[C@]2(Cc3cc([N+](=O)[O-])ccc3N3CCCC[C@H]32)C1=O,229901411,3
CC(C)N1C(=O)NC(=O)[C@]2(Cc3cc([N+](=O)[O-])ccc3N3CCCCC[C@@H]32)C1=O,9016115,3
CCN1C(=O)[C@]2(Cc3cc([N+](=O)[O-])ccc3N3CC[C@@H](C)C[C@H]32)C(=O)N(C)C1=S,230030475,3
CCCN1C(=O)NC(=O)[C@]2(Cc3cc([N+](=O)[O-])ccc3N3CC[C@@H](C)C[C@H]32)C1=O,230038719,3
CCN1C(=O)C2(Cc3cc([N+](=O)[O-])ccc3N3CCCC[C@H]32)C(=O)N(CC)C1=S,5896703,3
O=C1NC(=S)N(C2CC2)C(=O)[C@]12Cc1cc([N+](=O)[O-])ccc1N1CCCCC[C@H]12,9109824,3
O=C1NC(=O)[C@@]2(Cc3cc([N+](=O)[O-])ccc3N3CCC[C@@H]32)C(=O)N1Cc1ccccc1,8974817,3
CCN1C(=O)[C@@]2(Cc3cc([N+](=O)[O-])ccc3N3CCCC[C@@H]32)C(=O)N(C)C1=S,4624649,3
CCN1C(=O)[C@]2(Cc3cc([N+](=O)[O-])ccc3N3CC[C@H](C)C[C@@H]32)C(=O)N(C)C1=S,248004789,3
CN1C(=O)C2(Cc3cc([N+](=O)[O-])ccc3N3CCCCC[C@H]32)C(=O)N(C)C1=S,6672855,3
CCCN1C(=O)NC(=O)[C@]2(Cc3cc([N+](=O)[O-])ccc3N3CCCCC[C@@H]32)C1=O,4594382,3
CC[C@H](C)N1C(=O)NC(=O)[C@]2(Cc3cc([N+](=O)[O-])ccc3N3CCCC[C@@H]32)C1=O,8994237,3
CCN1C(=O)[C@]2(Cc3cc([N+](=O)[O-])ccc3N3CC[C@@H](C)C[C@@H]32)C(=O)N(C)C1=S,4624654,3
CCCN1C(=O)N(C)C(=O)[C@@]2(Cc3cc([N+](=O)[O-])ccc3N3CCCC[C@@H]32)C1=O,4594358,3
CC(C)N1C(=O)NC(=O)[C@@]2(Cc3cc([N+](=O)[O-])ccc3N3CCCCC[C@@H]32)C1=O,9016116,3
CC(C)N1C(=O)[C@]2(Cc3cc([N+](=O)[O-])ccc3N3CCCC[C@@H]32)C(=O)NC1=S,8742946,3
CN1C(=O)C2(Cc3cc([N+](=O)[O-])ccc3N3CCCCC[C@@H]32)C(=O)N(C)C1=S,6672850,3
CCCN1C(=O)NC(=O)[C@]2(Cc3cc([N+](=O)[O-])ccc3N3CCCCC[C@H]32)C1=O,230038701,3
CCCN1C(=O)N(C)C(=O)[C@@]2(Cc3cc([N+](=O)[O-])ccc3N3CCCC[C@H]32)C1=O,230038624,3
C[C@@H]1CCN2c3ccc([N+](=O)[O-])cc3C[C@@]3(C(=O)NC(=S)N(C4CC4)C3=O)[C@@H]2C1,17057399,3
O=C(NCCCN1CCCC1=O)[C@@H]1Cc2cc([N+](=O)[O-])ccc2N2CCCC[C@@H]12,23187119,3
CCN1C(=O)[C@]2(Cc3cc([N+](=O)[O-])ccc3N3CC[C@H](C)C[C@H]32)C(=O)N(C)C1=S,248004777,3
CCCN1C(=O)NC(=O)[C@@]2(Cc3cc([N+](=O)[O-])ccc3N3CCCCC[C@@H]32)C1=O,4594385,3
CC(C)N1C(=O)NC(=O)[C@]2(Cc3cc([N+](=O)[O-])ccc3N3CCCCC[C@H]32)C1=O,229887141,3
CCN1C(=O)[C@]2(Cc3cc([N+](=O)[O-])ccc3N3CCCC[C@@H]32)C(=O)N(C)C1=S,4624652,3
CCCN1C(=O)NC(=O)[C@]2(Cc3cc([N+](=O)[O-])ccc3N3CC[C@@H](C)C[C@@H]32)C1=O,4594387,3
O=C1NC(=S)N(C2CC2)C(=O)[C@]12Cc1cc([N+](=O)[O-])ccc1N1CCCCC[C@@H]12,9109822,3
CCN1C(=O)[C@@]2(Cc3cc([N+](=O)[O-])ccc3N3CCCC[C@H]32)C(=O)N(C)C1=S,230030467,3
CN1C(=O)NC(=O)[C@]2(Cc3cc([N+](=O)[O-])ccc3N3C[C@H](c4ccccc4)C[C@H]32)C1=O,229904724,3
O=C(NCCCN1CCCC1=O)[C@H]1Cc2cc([N+](=O)[O-])ccc2N2CCCC[C@H]12,36075293,3
CN1C(=O)C2(Cc3cc([N+](=O)[O-])ccc3N3CCCC[C@]32C)C(=O)N(C)C1=S,6671629,3
CN1C(=O)NC(=O)[C@]2(Cc3cc([N+](=O)[O-])ccc3N3C[C@@H](c4ccccc4)C[C@H]32)C1=O,245325959,3
CC1(C)C[C@H]2C[C@@](C)(C1)[C@@H]1N2c2ccc([N+](=O)[O-])cc2CC12C(=O)NC(=O)NC2=O,9111242,3
O=C1NC(=S)N(C2CC2)C(=O)[C@@]12Cc1cc([N+](=O)[O-])ccc1N1CCCCC[C@@H]12,9109821,3
CCN1C(=O)[C@@]2(Cc3cc([N+](=O)[O-])ccc3N3CC[C@@H](C)C[C@@H]32)C(=O)N(C)C1=S,4624653,3
CCN1C(=O)[C@]2(Cc3cc([N+](=O)[O-])ccc3N3CCCC[C@H]32)C(=O)N(C)C1=S,230030464,3
CC(C)N1C(=O)NC(=O)[C@@]2(Cc3cc([N+](=O)[O-])ccc3N3CCCCC[C@H]32)C1=O,229887134,3
O=C(NCCCN1CCCC1=O)[C@@H]1Cc2cc([N+](=O)[O-])ccc2N2CCCC[C@H]12,36075294,3
O=C1NC(=S)N(C2CC2)C(=O)[C@@]12Cc1cc([N+](=O)[O-])ccc1N1CCCCC[C@H]12,9109823,3
O=C1NC(=O)[C@@]2(Cc3cc([N+](=O)[O-])ccc3N3CCC[C@H]32)C(=O)N1Cc1ccccc1,229904919,3
C[C@@H]1CCN2c3ccc([N+](=O)[O-])cc3C[C@]3(C(=O)NC(=S)N(C4CC4)C3=O)[C@@H]2C1,8739145,3
CCCN1C(=O)NC(=O)[C@@]2(Cc3cc([N+](=O)[O-])ccc3N3CC[C@@H](C)C[C@@H]32)C1=O,4594390,3
CCCN1C(=O)N(C)C(=O)[C@]2(Cc3cc([N+](=O)[O-])ccc3N3CCCC[C@H]32)C1=O,230038631,3
CC[C@H](C)N1C(=O)NC(=O)[C@@]2(Cc3cc([N+](=O)[O-])ccc3N3CCCC[C@@H]32)C1=O,8997070,3
CN1C(=O)NC(=O)[C@]2(Cc3cc([N+](=O)[O-])ccc3N3C[C@H](c4ccccc4)C[C@@H]32)C1=O,245325961,3
CCCN1C(=O)N(C)C(=O)[C@]2(Cc3cc([N+](=O)[O-])ccc3N3CCCC[C@@H]32)C1=O,4594356,3
CN1C(=O)C2(Cc3cc([N+](=O)[O-])ccc3N3CCCC[C@@]32C)C(=O)N(C)C1=S,6671631,3
CCCN1C(=O)NC(=O)[C@]2(Cc3cc([N+](=O)[O-])ccc3N3CC[C@H](C)C[C@H]32)C1=O,247845777,3
CC(C)N1C(=O)[C@@]2(Cc3cc([N+](=O)[O-])ccc3N3CCCC[C@@H]32)C(=O)NC1=S,8742945,3
O=C1NC(=O)[C@@]2(Cc3cc([N+](=O)[O-])ccc3N3CCC[C@H]32)C(=O)N1c1ccccc1,229901215,3
CC[C@H](C)N1C(=O)NC(=O)[C@@]2(Cc3cc([N+](=O)[O-])ccc3N3CCCC[C@H]32)C1=O,229901397,3
O=C(NCCCN1CCCC1=O)[C@H]1Cc2cc([N+](=O)[O-])ccc2N2CCCC[C@@H]12,23187121,3
CCCN1C(=O)NC(=O)[C@]2(Cc3cc([N+](=O)[O-])ccc3N3CC[C@H](C)C[C@@H]32)C1=O,103018396,3
CCN1C(=O)C2(Cc3cc([N+](=O)[O-])ccc3N3CCCC[C@@H]32)C(=O)N(CC)C1=S,5896696,3
O=C1NC(=O)[C@]2(Cc3cc([N+](=O)[O-])ccc3N3CCC[C@@H]32)C(=O)N1Cc1ccccc1,8974816,3
Cc1c(Cl)cccc1N1/C(=N/C(=O)CCC(=O)O)S[C@H]2CS(=O)(=O)C[C@@H]21,5516365,1
Cc1c(Cl)cccc1N1/C(=N/C(=O)CCC(=O)O)S[C@H]2CS(=O)(=O)C[C@H]21,5516364,1
C=CCN1C(=O)/C(=C/c2c(NCCOC)nc3c(C)cccn3c2=O)SC1=S,12747073,7
CN1C(=O)/C(=C/c2c(NC[C@@H]3CCCO3)nc3ccccn3c2=O)SC1=S,1250932,7
CC[C@H](CO)Nc1nc2c(C)cccn2c(=O)c1/C=C1\SC(=S)N(CC)C1=O,13647445,7
CCCCN1C(=O)/C(=C/c2c(NCCCO)nc3ccccn3c2=O)SC1=S,1835507,7
CC[C@@H](CO)Nc1nc2c(C)cccn2c(=O)c1/C=C1\SC(=S)N(CC)C1=O,13647442,7
CCCNc1nc2ccccn2c(=O)c1/C=C1\SC(=S)N(CCOC)C1=O,12759906,7
CCCCN1C(=O)/C(=C\c2c(NCCO)nc3c(C)cccn3c2=O)SC1=S,6042632,7
COCCN1C(=O)/C(=C/c2c(N3CCCC3)nc3ccccn3c2=O)SC1=S,6627073,7
Cc1cccn2c(=O)c(/C=C3\SC(=S)N(C(C)C)C3=O)c(NCCO)nc12,2390523,7
COCCNc1nc2ccccn2c(=O)c1/C=C1\SC(=S)N(C(C)C)C1=O,1905292,7
CCN1C(=O)/C(=C/c2c(N3CCOCC3)nc3c(C)cccn3c2=O)SC1=S,1190366,7
Cc1cccn2c(=O)c(/C=C3\SC(=S)N(C)C3=O)c(NC[C@H]3CCCO3)nc12,12796838,7
CC[C@@H](CO)Nc1nc2c(C)cccn2c(=O)c1/C=C1\SC(=S)N(C)C1=O,13647674,7
CCCCN1C(=O)/C(=C\c2c(NCCO)nc3ccccn3c2=O)SC1=S,5825116,7
CCCCN1C(=O)/C(=C/c2c(NCCO)nc3c(C)cccn3c2=O)SC1=S,2992050,7
CCN1C(=O)/C(=C\c2c(N3CCOCC3)nc3ccc(C)cn3c2=O)SC1=S,6046414,7
CCCN1C(=O)/C(=C/c2c(NCCOC)nc3ccccn3c2=O)SC1=S,1805162,7
CC[C@H](C)N1C(=O)/C(=C/c2c(NCCO)nc3c(C)cccn3c2=O)SC1=S,5042501,7
CCN1C(=O)/C(=C/c2c(N3CCSCC3)nc3ccccn3c2=O)SC1=S,2329911,7
CC(C)CN1C(=O)/C(=C/c2c(NCCCO)nc3ccccn3c2=O)SC1=S,1883110,7
Cc1ccc2nc(NCCCN(C)C)c(/C=C3\SC(=S)N(C)C3=O)c(=O)n2c1,2712984,7
Cc1cccn2c(=O)c(/C=C3\SC(=S)NC3=O)c(NC[C@H]3CCCO3)nc12,13427398,7
Cc1cccn2c(=O)c(/C=C3\SC(=S)N(C)C3=O)c(N3CCSCC3)nc12,9014081,7
CNc1nc2c(C)cccn2c(=O)c1/C=C1\SC(=S)N(C[C@H]2CCCO2)C1=O,13427020,7
CC[C@H](C)N1C(=O)/C(=C/c2c(NCCO)nc3ccc(C)cn3c2=O)SC1=S,2620773,7
CCCCN1C(=O)/C(=C/c2c(NCCO)nc3ccccn3c2=O)SC1=S,2228031,7
CNc1nc2ccccn2c(=O)c1/C=C1\SC(=S)N(C[C@H]2CCCO2)C1=O,13551863,7
CNc1nc2ccccn2c(=O)c1/C=C1\SC(=S)N(C[C@@H]2CCCO2)C1=O,13551860,7
CC[C@@H](C)N1C(=O)/C(=C/c2c(NCCO)nc3ccc(C)cn3c2=O)SC1=S,6355837,7
CCNc1nc2ccccn2c(=O)c1/C=C1\SC(=S)N(CCCC(=O)O)C1=O,12377928,7
CC[C@@H](C)N1C(=O)/C(=C/c2c(NCCO)nc3ccccn3c2=O)SC1=S,5042498,7
CN(C)c1nc2ccccn2c(=O)c1/C=C1\SC(=S)N(C[C@@H]2CCCO2)C1=O,13535685,7
CCCN1C(=O)/C(=C\c2c(NCCOC)nc3ccccn3c2=O)SC1=S,5850784,7
CC[C@H](CO)Nc1nc2c(C)cccn2c(=O)c1/C=C1\SC(=S)N(C)C1=O,13647677,7
CC[C@H](C)N1C(=O)/C(=C/c2c(NCCO)nc3ccccn3c2=O)SC1=S,5042499,7
CN1C(=O)/C(=C/c2c(NC[C@H]3CCCO3)nc3ccccn3c2=O)SC1=S,1250930,7
CCCCN1C(=O)/C(=C\c2c(NCCCO)nc3ccccn3c2=O)SC1=S,6068454,7
CCCN1C(=O)/C(=C/c2c(N3CCOCC3)nc3ccccn3c2=O)SC1=S,1166576,7
Cc1cccn2c(=O)c(/C=C3\SC(=S)N(C)C3=O)c(NC[C@@H]3CCCO3)nc12,12796836,7
CC(C)N1C(=O)/C(=C\c2c(N3CCOCC3)nc3ccccn3c2=O)SC1=S,5834737,7
Cc1cccn2c(=O)c(/C=C3\SC(=S)NC3=O)c(NC[C@@H]3CCCO3)nc12,13427396,7
CC(C)N1C(=O)/C(=C/c2c(NCCCO)nc3ccccn3c2=O)SC1=S,1835888,7
CCN1C(=O)/C(=C/c2c(N3CCOCC3)nc3ccc(C)cn3c2=O)SC1=S,4811875,7
CNc1nc2c(C)cccn2c(=O)c1/C=C1\SC(=S)N(C[C@@H]2CCCO2)C1=O,13427018,7
CC[C@@H](C)N1C(=O)/C(=C/c2c(NCCO)nc3c(C)cccn3c2=O)SC1=S,5042500,7
CC(C)CNc1nc2ccccn2c(=O)c1/C=C1\SC(=S)N(CC(=O)O)C1=O,2255316,7
CCCN1C(=O)/C(=C/c2c(NCCCO)nc3ccccn3c2=O)SC1=S,1836670,7
CCN1C(=O)/C(=C/c2c(NCCOC)nc3c(C)cccn3c2=O)SC1=S,1749591,7
CN1C(=O)/C(=C/c2c(N3CCSCC3)nc3ccccn3c2=O)SC1=S,2252545,7
CC(C)N1C(=O)/C(=C/c2c(N3CCOCC3)nc3ccccn3c2=O)SC1=S,1252757,7
CC[C@@H](CO)Nc1nc2ccccn2c(=O)c1/C=C1\SC(=S)N(CC)C1=O,16736179,7
CC[C@H](CO)Nc1nc2ccccn2c(=O)c1/C=C1\SC(=S)N(CC)C1=O,16736182,7
CCOCCCNc1nc2ccccn2c(=O)c1/C=C1\SC(=S)N(C)C1=O,13618232,7
CCN1C(=O)/C(=C\c2c(N3CCOCC3)nc3c(C)cccn3c2=O)SC1=S,5790772,7
CCN1C(=O)/C(=C/c2c(NCCCOC)nc3ccccn3c2=O)SC1=S,4311304,7
Cc1cccn2c(=O)c(/C=C3\SC(=S)N(CC(C)C)C3=O)c(NCCO)nc12,2520566,7
CN(C)c1nc2ccccn2c(=O)c1/C=C1\SC(=S)N(C[C@H]2CCCO2)C1=O,13535689,7
C=CCN1C(=O)/C(=C\c2c(NCCOC)nc3ccccn3c2=O)SC1=S,2252322,7
C=CCNc1nc2ccccn2c(=O)c1/C=C1\SC(=S)N(CCOC)C1=O,2986462,7
COc1cccc(N(CC(=O)Nc2cc([N+](=O)[O-])ccc2OC)S(C)(=O)=O)c1,1141843,2
COc1ccc(C)cc1NC(=O)CN(c1cc([N+](=O)[O-])ccc1OC)S(C)(=O)=O,409409255,2
CCOc1ccc(NC(=O)CN(c2cc([N+](=O)[O-])ccc2OC)S(C)(=O)=O)cc1,108022823,2
COc1ccc(NC(=O)[C@@H](C)N(c2cccc([N+](=O)[O-])c2)S(C)(=O)=O)c(OC)c1,220401996,9
COCc1cccc(NC(=O)CN(c2cc([N+](=O)[O-])ccc2OC)S(C)(=O)=O)c1,223882986,2
COc1ccc(OC)c(N([C@H](C)C(=O)Nc2cccc([N+](=O)[O-])c2)S(C)(=O)=O)c1,220214775,9
COc1ccc(OC)c(NC(=O)[C@H](C)N(c2cccc([N+](=O)[O-])c2)S(C)(=O)=O)c1,220402384,9
COc1ccc([N+](=O)[O-])cc1NC(=O)CN(c1ccccc1OC)S(C)(=O)=O,409120973,2
COc1cccc(N([C@H](C)C(=O)Nc2cc([N+](=O)[O-])ccc2OC)S(C)(=O)=O)c1,220170115,9
COc1cccc(N([C@@H](C)C(=O)Nc2cc([N+](=O)[O-])ccc2OC)S(C)(=O)=O)c1,220170059,9
COc1ccc(OC)c(N(CC(=O)Nc2cc([N+](=O)[O-])ccc2C)S(C)(=O)=O)c1,409330985,2
COc1ccc(NC(=O)[C@H](C)N(c2cccc([N+](=O)[O-])c2)S(C)(=O)=O)c(OC)c1,220402059,9
COc1ccc(OC)c(N([C@@H](C)C(=O)Nc2cccc([N+](=O)[O-])c2)S(C)(=O)=O)c1,220214700,9
COc1ccccc1NC(=O)CN(c1cc([N+](=O)[O-])ccc1OC)S(C)(=O)=O,35152290,2
COc1ccc(OC)c(NC(=O)[C@@H](C)N(c2cccc([N+](=O)[O-])c2)S(C)(=O)=O)c1,220402308,9
COc1ccc([N+](=O)[O-])cc1NC(=O)CN(c1ccc(F)c(F)c1)S(C)(=O)=O,408679478,2
COc1ccc(N([C@@H](C)C(=O)Nc2cccc([N+](=O)[O-])c2)S(C)(=O)=O)cc1OC,220233774,9
CCOc1cccc(NC(=O)CN(c2cc([N+](=O)[O-])ccc2OC)S(C)(=O)=O)c1,10294689,2
CCS(=O)(=O)N(CC(=O)Nc1cccc([N+](=O)[O-])c1)c1ccc2c(c1)OCO2,408703697,2
COc1ccc(N(CC(=O)Nc2cc([N+](=O)[O-])ccc2OC)S(C)(=O)=O)cc1,409138455,2
COc1ccc(NC(=O)CN(c2cccc([N+](=O)[O-])c2C)S(C)(=O)=O)c(OC)c1,220024583,2
COc1ccc(N([C@H](C)C(=O)Nc2cccc([N+](=O)[O-])c2)S(C)(=O)=O)cc1OC,220233849,9
COc1ccc([N+](=O)[O-])cc1NC(=O)CN(c1cc(C)ccc1OC)S(C)(=O)=O,409121405,2
CCS(=O)(=O)N(CC(=O)Nc1cccc([N+](=O)[O-])c1)c1ccc2c(c1)OCCO2,408705315,2
COc1ccc(OC)c(NC(=O)CN(c2cccc([N+](=O)[O-])c2C)S(C)(=O)=O)c1,220024758,2
COc1ccc([N+](=O)[O-])cc1N(CC(=O)Nc1ccc(F)cc1F)S(C)(=O)=O,113936896,2
CCOc1ccccc1N(CC(=O)Nc1cc([N+](=O)[O-])ccc1OC)S(C)(=O)=O,409146244,2
CCOc1cccc(N(CC(=O)Nc2cc([N+](=O)[O-])ccc2OC)S(C)(=O)=O)c1,22391063,2
COc1ccc([N+](=O)[O-])cc1NC(=O)CN(c1ccc(F)cc1F)S(C)(=O)=O,220086456,2
COc1ccc(NC(=O)[C@H](C)N(c2cccc([N+](=O)[O-])c2)S(C)(=O)=O)cc1OC,220402705,9
COc1ccc(OC)c(NC(=O)CN(c2cc([N+](=O)[O-])ccc2C)S(C)(=O)=O)c1,10358440,2
COc1cccc(NC(=O)CN(c2cc([N+](=O)[O-])ccc2OC)S(C)(=O)=O)c1,33382662,2
COc1ccc(OC)c(N(CC(=O)Nc2cccc([N+](=O)[O-])c2C)S(C)(=O)=O)c1,409312601,2
COc1ccc(NC(=O)[C@@H](C)N(c2cccc([N+](=O)[O-])c2)S(C)(=O)=O)cc1OC,220402642,9
COc1ccc(NC(=O)CN(c2cc([N+](=O)[O-])ccc2OC)S(C)(=O)=O)cc1,33397918,2
COc1ccc([N+](=O)[O-])cc1N(CC(=O)Nc1ccc(F)c(F)c1)S(C)(=O)=O,113937048,2
COc1ccc(N(CC(=O)Nc2cccc([N+](=O)[O-])c2)S(C)(=O)=O)c(OC)c1,1138640,2
COc1ccc([N+](=O)[O-])cc1N(CC(=O)Nc1cccc(C(C)=O)c1)S(C)(=O)=O,2877888,2
COc1ccc(OC)c(NC(=O)CN(c2cccc([N+](=O)[O-])c2)S(C)(=O)=O)c1,1137351,2
COc1ccc(NC(=O)CN(c2cc([N+](=O)[O-])ccc2C)S(C)(=O)=O)c(OC)c1,2844543,2
COc1ccc(NC(=O)CN(c2cccc([N+](=O)[O-])c2)S(C)(=O)=O)cc1OC,1115910,2
CCOc1ccc(N(CC(=O)Nc2cc([N+](=O)[O-])ccc2OC)S(C)(=O)=O)cc1,1118443,2
COc1ccc([N+](=O)[O-])cc1N(CC(=O)Nc1c(F)cccc1F)S(C)(=O)=O,2871981,2
COc1ccc(N([C@H](C)C(=O)Nc2cc([N+](=O)[O-])ccc2OC)S(C)(=O)=O)cc1,1144011,9
COc1ccc(N(CC(=O)Nc2cccc([N+](=O)[O-])c2)S(C)(=O)=O)cc1OC,1132150,2
COc1ccc(N(CC(=O)Nc2cc([N+](=O)[O-])ccc2C)S(C)(=O)=O)c(OC)c1,16347398,2
COc1ccc(N(CC(=O)Nc2cccc([N+](=O)[O-])c2C)S(C)(=O)=O)c(OC)c1,16250192,2
COc1ccc(OC)c(N(CC(=O)Nc2cccc([N+](=O)[O-])c2)S(C)(=O)=O)c1,1137174,2
CCOc1ccccc1NC(=O)CN(c1cc([N+](=O)[O-])ccc1OC)S(C)(=O)=O,16693519,2
COc1ccc([N+](=O)[O-])cc1NC(=O)CN(c1cccc(C(C)=O)c1)S(C)(=O)=O,3017740,2
COc1ccc(NC(=O)CN(c2cccc([N+](=O)[O-])c2)S(C)(=O)=O)c(OC)c1,1137621,2
COc1ccc(N([C@@H](C)C(=O)Nc2cc([N+](=O)[O-])ccc2OC)S(C)(=O)=O)cc1,1144009,9
COc1ccc(N(CC(=O)Nc2cc([N+](=O)[O-])ccc2C)S(C)(=O)=O)cc1OC,2851378,2
CCOc1ccc(CNC(=O)CN(c2cccc([N+](=O)[O-])c2)S(C)(=O)=O)cc1,10448725,9
CCOc1cccc(CNC(=O)CN(c2cc([N+](=O)[O-])ccc2C)S(C)(=O)=O)c1,44845623,2
COc1ccccc1CNC(=O)[C@H](C)N(c1cccc([N+](=O)[O-])c1)S(C)(=O)=O,220405471,9
COc1ccc(CN(C)C(=O)CN(c2cccc([N+](=O)[O-])c2C)S(C)(=O)=O)cc1,220021970,2
COc1ccccc1[C@H](C)NC(=O)CN(c1cccc([N+](=O)[O-])c1)S(C)(=O)=O,224148209,9
CCOc1ccccc1CNC(=O)[C@H](C)N(c1cccc([N+](=O)[O-])c1)S(C)(=O)=O,220419686,9
CCOc1ccc(CNC(=O)CN(c2cc([N+](=O)[O-])ccc2C)S(C)(=O)=O)cc1,13649639,2
CC(C)Oc1cccc(CNC(=O)CN(c2cccc([N+](=O)[O-])c2)S(C)(=O)=O)c1,22347881,9
COc1ccccc1[C@@H](C)NC(=O)CN(c1cccc([N+](=O)[O-])c1)S(C)(=O)=O,224148155,9
CCOc1ccccc1CNC(=O)CN(c1cccc([N+](=O)[O-])c1)S(C)(=O)=O,20488829,9
COc1ccc(CNC(=O)[C@@H](C)N(c2cc([N+](=O)[O-])ccc2C)S(C)(=O)=O)cc1,220384201,9
COc1ccc([N+](=O)[O-])cc1N(CC(=O)N(C)Cc1ccc(C)cc1)S(C)(=O)=O,44839903,2
Cc1ccc(OCCNC(=O)[C@@H](C)N(c2cccc([N+](=O)[O-])c2)S(C)(=O)=O)cc1,220416910,9
COc1ccc([C@@H](C)NC(=O)CN(c2cccc([N+](=O)[O-])c2)S(C)(=O)=O)cc1,20489935,9
CCOc1ccccc1CNC(=O)CN(c1cc([N+](=O)[O-])ccc1C)S(C)(=O)=O,30859690,2
CCOc1ccc(CNC(=O)CN(c2cccc([N+](=O)[O-])c2C)S(C)(=O)=O)cc1,220034574,2
CCOc1ccc(CNC(=O)[C@H](C)N(c2cccc([N+](=O)[O-])c2)S(C)(=O)=O)cc1,220418601,9
COc1ccccc1CN(C)C(=O)CN(c1cccc([N+](=O)[O-])c1)S(C)(=O)=O,20452822,9
Cc1ccc(OCCNC(=O)CN(c2cc([N+](=O)[O-])ccc2C)S(C)(=O)=O)cc1,22374795,2
Cc1ccc(OC[C@@H](C)NC(=O)CN(c2cccc([N+](=O)[O-])c2)S(C)(=O)=O)cc1,22348137,9
COc1ccccc1CN(C)C(=O)CN(c1cc([N+](=O)[O-])ccc1C)S(C)(=O)=O,20460669,2
CCOc1ccc(CNC(=O)[C@@H](C)N(c2cccc([N+](=O)[O-])c2)S(C)(=O)=O)cc1,220418524,9
CC[C@H](C(=O)NCc1ccc(OC)cc1)N(c1cccc([N+](=O)[O-])c1)S(C)(=O)=O,222518632,9
COc1ccc(CN(C)C(=O)[C@@H](C)N(c2cccc([N+](=O)[O-])c2)S(C)(=O)=O)cc1,220398045,9
COc1ccc(CN(C)C(=O)[C@H](C)N(c2cccc([N+](=O)[O-])c2)S(C)(=O)=O)cc1,220398103,9
COc1ccc([N+](=O)[O-])cc1N(CC(=O)N[C@H](C)c1ccccc1)S(C)(=O)=O,6932255,2
COc1ccc(CNC(=O)[C@H](C)N(c2cc([N+](=O)[O-])ccc2C)S(C)(=O)=O)cc1,220384262,9
CC[C@@H](C(=O)NCc1ccc(OC)cc1)N(c1cccc([N+](=O)[O-])c1)S(C)(=O)=O,222518559,9
COc1ccc(CNC(=O)[C@H](C)N(c2cccc([N+](=O)[O-])c2)S(C)(=O)=O)cc1,220405624,9
COc1ccccc1CNC(=O)[C@@H](C)N(c1cccc([N+](=O)[O-])c1)S(C)(=O)=O,220405403,9
Cc1cc(C)cc(OCCNC(=O)CN(c2cccc([N+](=O)[O-])c2)S(C)(=O)=O)c1,224067948,9
Cc1ccc(OCCNC(=O)[C@H](C)N(c2cccc([N+](=O)[O-])c2)S(C)(=O)=O)cc1,220416971,9
Cc1ccccc1OC[C@@H](C)NC(=O)CN(c1cccc([N+](=O)[O-])c1)S(C)(=O)=O,22348128,9
Cc1ccc(OCCNC(=O)CN(c2cccc([N+](=O)[O-])c2)S(C)(=O)=O)c(C)c1,223776037,9
COc1ccc([N+](=O)[O-])cc1N(CC(=O)N[C@@H](C)c1ccccc1)S(C)(=O)=O,6929851,2
COc1ccc(CNC(=O)[C@@H](C)N(c2cccc([N+](=O)[O-])c2)S(C)(=O)=O)cc1,220405570,9
CC(C)Oc1ccc(CNC(=O)CN(c2cccc([N+](=O)[O-])c2)S(C)(=O)=O)cc1,20451223,9
CCOc1ccccc1CNC(=O)[C@@H](C)N(c1cccc([N+](=O)[O-])c1)S(C)(=O)=O,220419615,9
CCOc1cccc(CNC(=O)CN(c2cccc([N+](=O)[O-])c2C)S(C)(=O)=O)c1,220035140,2
COc1ccc([C@H](C)NC(=O)CN(c2cccc([N+](=O)[O-])c2)S(C)(=O)=O)cc1,20489937,9
CCOc1ccccc1CNC(=O)CN(c1cccc([N+](=O)[O-])c1C)S(C)(=O)=O,220035225,2
CCOc1cccc(CNC(=O)CN(c2cccc([N+](=O)[O-])c2)S(C)(=O)=O)c1,30752495,9
COc1ccc(CCCNC(=O)CN(c2cccc([N+](=O)[O-])c2)S(C)(=O)=O)cc1,22347929,9
COc1ccc(CN(C)C(=O)CN(c2cc([N+](=O)[O-])ccc2C)S(C)(=O)=O)cc1,10366064,2
CCOc1cccc(CNC(=O)[C@H](C)N(c2cccc([N+](=O)[O-])c2)S(C)(=O)=O)c1,220419530,9
CCc1ccc(OCCNC(=O)CN(c2cccc([N+](=O)[O-])c2)S(C)(=O)=O)cc1,223775946,9
Cc1ccc(OC[C@H](C)NC(=O)CN(c2cccc([N+](=O)[O-])c2)S(C)(=O)=O)cc1,22348133,9
Cc1ccccc1OC[C@H](C)NC(=O)CN(c1cccc([N+](=O)[O-])c1)S(C)(=O)=O,22348124,9
Cc1ccc(C)c(OCCNC(=O)CN(c2cccc([N+](=O)[O-])c2)S(C)(=O)=O)c1,223995643,9
CCOc1cccc(CNC(=O)[C@@H](C)N(c2cccc([N+](=O)[O-])c2)S(C)(=O)=O)c1,220419463,9
Cc1ccc(OCCNC(=O)CN(c2cccc([N+](=O)[O-])c2)S(C)(=O)=O)cc1C,223776199,9
COc1ccc(CN(C)C(=O)CN(c2cccc([N+](=O)[O-])c2)S(C)(=O)=O)cc1,7871824,9
COc1ccc([N+](=O)[O-])cc1N(CC(=O)N(C)Cc1ccccc1)S(C)(=O)=O,1111007,2
